TestTempC,H,He,Li,Be,B,N,O,F,Ne,Na,Mg,Al,P,S,Cl,Ar,K,Ca,Sc,Ti,V,Cr,Mn,Fe,Ni,Cu,Zn,Ga,Ge,As,Se,Br,Kr,Rb,Sr,Y,Zr,Nb,Mo,Tc,Ru,Rh,Pd,Ag,Cd,In,Sn,Sb,Te,I,Xe,Cs,Ba,La,Ce,Pr,Nd,Pm,Sm,Eu,Gd,Tb,Dy,Ho,Er,Tm,Yb,Lu,Hf,Ta,W,Re,Os,Ir,Pt,Au,Hg,Tl,Pb,Bi,Po,At,Rn,Fr,Ra,Ac,Th,Pa,U,Np,Pu,Am,Cm,Bk,Cf,Es,Fm,Md,No,Lr,Ductility (%)
25.0,0,0,0,0,0,0,0,0,0,0,0,0.058823529,0,0,0,0,0,0,0,0.235294118,0.235294118,0.0,0,0,0,0,0,0,0,0,0,0,0,0,0,0,0.0,0.235294118,0.235294118,0,0,0,0,0,0,0,0,0,0,0,0,0,0,0,0,0,0,0,0,0,0,0,0,0,0,0,0,0,0.0,0.0,0.0,0,0,0,0,0,0,0,0,0,0,0,0,0,0,0,0,0,0,0,0,0,0,0,0,0,0,0,0,0,12.7
25.0,0,0,0,0,0,0,0,0,0,0,0,0.111111111,0,0,0,0,0,0,0,0.222222222,0.222222222,0.0,0,0,0,0,0,0,0,0,0,0,0,0,0,0,0.0,0.222222222,0.222222222,0,0,0,0,0,0,0,0,0,0,0,0,0,0,0,0,0,0,0,0,0,0,0,0,0,0,0,0,0,0.0,0.0,0.0,0,0,0,0,0,0,0,0,0,0,0,0,0,0,0,0,0,0,0,0,0,0,0,0,0,0,0,0,0,10.51
25.0,0,0,0,0,0,0,0,0,0,0,0,0.157894737,0,0,0,0,0,0,0,0.210526316,0.210526316,0.0,0,0,0,0,0,0,0,0,0,0,0,0,0,0,0.0,0.210526316,0.210526316,0,0,0,0,0,0,0,0,0,0,0,0,0,0,0,0,0,0,0,0,0,0,0,0,0,0,0,0,0,0.0,0.0,0.0,0,0,0,0,0,0,0,0,0,0,0,0,0,0,0,0,0,0,0,0,0,0,0,0,0,0,0,0,0,6.83
25.0,0,0,0,0,0,0,0,0,0,0,0,0.272727273,0,0,0,0,0,0,0,0.181818182,0.181818182,0.0,0,0,0,0,0,0,0,0,0,0,0,0,0,0,0.0,0.181818182,0.181818182,0,0,0,0,0,0,0,0,0,0,0,0,0,0,0,0,0,0,0,0,0,0,0,0,0,0,0,0,0,0.0,0.0,0.0,0,0,0,0,0,0,0,0,0,0,0,0,0,0,0,0,0,0,0,0,0,0,0,0,0,0,0,0,0,0.94
25.0,0,0,0,0,0,0,0,0,0,0,0,0.2,0,0,0,0,0,0,0,0.2,0.2,0.0,0,0,0,0,0,0,0,0,0,0,0,0,0,0,0.0,0.2,0.2,0,0,0,0,0,0,0,0,0,0,0,0,0,0,0,0,0,0,0,0,0,0,0,0,0,0,0,0,0,0.0,0.0,0.0,0,0,0,0,0,0,0,0,0,0,0,0,0,0,0,0,0,0,0,0,0,0,0,0,0,0,0,0,0,2.0
25.0,0,0,0,0,0,0,0,0,0,0,0,0.0,0,0,0,0,0,0,0,0.25,0.25,0.0,0,0,0,0,0,0,0,0,0,0,0,0,0,0,0.0,0.25,0.25,0,0,0,0,0,0,0,0,0,0,0,0,0,0,0,0,0,0,0,0,0,0,0,0,0,0,0,0,0,0.0,0.0,0.0,0,0,0,0,0,0,0,0,0,0,0,0,0,0,0,0,0,0,0,0,0,0,0,0,0,0,0,0,0,25.9
25.0,0,0,0,0,0,0,0,0,0,0,0,0.058823529,0,0,0,0,0,0,0,0.235294118,0.235294118,0.0,0,0,0,0,0,0,0,0,0,0,0,0,0,0,0.0,0.235294118,0.0,0,0,0,0,0,0,0,0,0,0,0,0,0,0,0,0,0,0,0,0,0,0,0,0,0,0,0,0,0,0.0,0.235294118,0.0,0,0,0,0,0,0,0,0,0,0,0,0,0,0,0,0,0,0,0,0,0,0,0,0,0,0,0,0,0,48.28
25.0,0,0,0,0,0,0,0,0,0,0,0,0.111111111,0,0,0,0,0,0,0,0.222222222,0.222222222,0.0,0,0,0,0,0,0,0,0,0,0,0,0,0,0,0.0,0.222222222,0.0,0,0,0,0,0,0,0,0,0,0,0,0,0,0,0,0,0,0,0,0,0,0,0,0,0,0,0,0,0,0.0,0.222222222,0.0,0,0,0,0,0,0,0,0,0,0,0,0,0,0,0,0,0,0,0,0,0,0,0,0,0,0,0,0,0,47.18
25.0,0,0,0,0,0,0,0,0,0,0,0,0.2,0,0,0,0,0,0,0,0.2,0.2,0.0,0,0,0,0,0,0,0,0,0,0,0,0,0,0,0.0,0.2,0.0,0,0,0,0,0,0,0,0,0,0,0,0,0,0,0,0,0,0,0,0,0,0,0,0,0,0,0,0,0,0.0,0.2,0.0,0,0,0,0,0,0,0,0,0,0,0,0,0,0,0,0,0,0,0,0,0,0,0,0,0,0,0,0,0,48.88
25.0,0,0,0,0,0,0,0,0,0,0,0,0.0,0,0,0,0,0,0,0,0.25,0.25,0.0,0,0,0,0,0,0,0,0,0,0,0,0,0,0,0.0,0.25,0.0,0,0,0,0,0,0,0,0,0,0,0,0,0,0,0,0,0,0,0,0,0,0,0,0,0,0,0,0,0,0.0,0.25,0.0,0,0,0,0,0,0,0,0,0,0,0,0,0,0,0,0,0,0,0,0,0,0,0,0,0,0,0,0,0,49.83
25.0,0,0,0,0,0,0,0,0,0,0,0,0.058823529,0,0,0,0,0,0,0,0.235294118,0.0,0.0,0,0,0,0,0,0,0,0,0,0,0,0,0,0,0.235294118,0.235294118,0.0,0,0,0,0,0,0,0,0,0,0,0,0,0,0,0,0,0,0,0,0,0,0,0,0,0,0,0,0,0,0.0,0.235294118,0.0,0,0,0,0,0,0,0,0,0,0,0,0,0,0,0,0,0,0,0,0,0,0,0,0,0,0,0,0,0,2.3
1000.0,0,0,0,0,0,0,0,0,0,0,0,0.058823529,0,0,0,0,0,0,0,0.235294118,0.0,0.0,0,0,0,0,0,0,0,0,0,0,0,0,0,0,0.235294118,0.235294118,0.0,0,0,0,0,0,0,0,0,0,0,0,0,0,0,0,0,0,0,0,0,0,0,0,0,0,0,0,0,0,0.0,0.235294118,0.0,0,0,0,0,0,0,0,0,0,0,0,0,0,0,0,0,0,0,0,0,0,0,0,0,0,0,0,0,0,51.72
25.0,0,0,0,0,0,0,0,0,0,0,0,0.111111111,0,0,0,0,0,0,0,0.222222222,0.0,0.0,0,0,0,0,0,0,0,0,0,0,0,0,0,0,0.222222222,0.222222222,0.111111111,0,0,0,0,0,0,0,0,0,0,0,0,0,0,0,0,0,0,0,0,0,0,0,0,0,0,0,0,0,0.0,0.111111111,0.0,0,0,0,0,0,0,0,0,0,0,0,0,0,0,0,0,0,0,0,0,0,0,0,0,0,0,0,0,0,1.35
1000.0,0,0,0,0,0,0,0,0,0,0,0,0.111111111,0,0,0,0,0,0,0,0.222222222,0.0,0.0,0,0,0,0,0,0,0,0,0,0,0,0,0,0,0.222222222,0.222222222,0.111111111,0,0,0,0,0,0,0,0,0,0,0,0,0,0,0,0,0,0,0,0,0,0,0,0,0,0,0,0,0,0.0,0.111111111,0.0,0,0,0,0,0,0,0,0,0,0,0,0,0,0,0,0,0,0,0,0,0,0,0,0,0,0,0,0,0,50.48
25.0,0,0,0,0,0,0,0,0,0,0,0,0.2,0,0,0,0,0,0,0,0.2,0.0,0.0,0,0,0,0,0,0,0,0,0,0,0,0,0,0,0.2,0.2,0.1,0,0,0,0,0,0,0,0,0,0,0,0,0,0,0,0,0,0,0,0,0,0,0,0,0,0,0,0,0,0.0,0.1,0.0,0,0,0,0,0,0,0,0,0,0,0,0,0,0,0,0,0,0,0,0,0,0,0,0,0,0,0,0,0,2.22
1000.0,0,0,0,0,0,0,0,0,0,0,0,0.2,0,0,0,0,0,0,0,0.2,0.0,0.0,0,0,0,0,0,0,0,0,0,0,0,0,0,0,0.2,0.2,0.1,0,0,0,0,0,0,0,0,0,0,0,0,0,0,0,0,0,0,0,0,0,0,0,0,0,0,0,0,0,0.0,0.1,0.0,0,0,0,0,0,0,0,0,0,0,0,0,0,0,0,0,0,0,0,0,0,0,0,0,0,0,0,0,0,48.86
25.0,0,0,0,0,0,0,0,0,0,0,0,0.222222222,0,0,0,0,0,0,0,0.222222222,0.0,0.0,0,0,0,0,0,0,0,0,0,0,0,0,0,0,0.111111111,0.222222222,0.111111111,0,0,0,0,0,0,0,0,0,0,0,0,0,0,0,0,0,0,0,0,0,0,0,0,0,0,0,0,0,0.0,0.111111111,0.0,0,0,0,0,0,0,0,0,0,0,0,0,0,0,0,0,0,0,0,0,0,0,0,0,0,0,0,0,0,0.0
1000.0,0,0,0,0,0,0,0,0,0,0,0,0.222222222,0,0,0,0,0,0,0,0.222222222,0.0,0.0,0,0,0,0,0,0,0,0,0,0,0,0,0,0,0.111111111,0.222222222,0.111111111,0,0,0,0,0,0,0,0,0,0,0,0,0,0,0,0,0,0,0,0,0,0,0,0,0,0,0,0,0,0.0,0.111111111,0.0,0,0,0,0,0,0,0,0,0,0,0,0,0,0,0,0,0,0,0,0,0,0,0,0,0,0,0,0,0,47.84
25.0,0,0,0,0,0,0,0,0,0,0,0,0.25,0,0,0,0,0,0,0,0.25,0.0,0.0,0,0,0,0,0,0,0,0,0,0,0,0,0,0,0.125,0.25,0.0,0,0,0,0,0,0,0,0,0,0,0,0,0,0,0,0,0,0,0,0,0,0,0,0,0,0,0,0,0,0.0,0.125,0.0,0,0,0,0,0,0,0,0,0,0,0,0,0,0,0,0,0,0,0,0,0,0,0,0,0,0,0,0,0,0.17
1000.0,0,0,0,0,0,0,0,0,0,0,0,0.25,0,0,0,0,0,0,0,0.25,0.0,0.0,0,0,0,0,0,0,0,0,0,0,0,0,0,0,0.125,0.25,0.0,0,0,0,0,0,0,0,0,0,0,0,0,0,0,0,0,0,0,0,0,0,0,0,0,0,0,0,0,0,0.0,0.125,0.0,0,0,0,0,0,0,0,0,0,0,0,0,0,0,0,0,0,0,0,0,0,0,0,0,0,0,0,0,0,49.15
25.0,0,0,0,0,0,0,0,0,0,0,0,0.047619048,0,0,0,0,0,0,0,0.238095238,0.238095238,0.0,0,0,0,0,0,0,0,0,0,0,0,0,0,0,0.0,0.0,0.238095238,0,0,0,0,0,0,0,0,0,0,0,0,0,0,0,0,0,0,0,0,0,0,0,0,0,0,0,0,0,0.0,0.238095238,0.0,0,0,0,0,0,0,0,0,0,0,0,0,0,0,0,0,0,0,0,0,0,0,0,0,0,0,0,0,0,6.82
25.0,0,0,0,0,0,0,0,0,0,0,0,0.130434783,0,0,0,0,0,0,0,0.217391304,0.217391304,0.0,0,0,0,0,0,0,0,0,0,0,0,0,0,0,0.0,0.0,0.217391304,0,0,0,0,0,0,0,0,0,0,0,0,0,0,0,0,0,0,0,0,0,0,0,0,0,0,0,0,0,0.0,0.217391304,0.0,0,0,0,0,0,0,0,0,0,0,0,0,0,0,0,0,0,0,0,0,0,0,0,0,0,0,0,0,0,3.36
25.0,0,0,0,0,0,0,0,0,0,0,0,0.2,0,0,0,0,0,0,0,0.2,0.2,0.0,0,0,0,0,0,0,0,0,0,0,0,0,0,0,0.0,0.0,0.2,0,0,0,0,0,0,0,0,0,0,0,0,0,0,0,0,0,0,0,0,0,0,0,0,0,0,0,0,0,0.0,0.2,0.0,0,0,0,0,0,0,0,0,0,0,0,0,0,0,0,0,0,0,0,0,0,0,0,0,0,0,0,0,0,0.0
25.0,0,0,0,0,0,0,0,0,0,0,0,0.0,0,0,0,0,0,0,0,0.25,0.25,0.0,0,0,0,0,0,0,0,0,0,0,0,0,0,0,0.0,0.0,0.25,0,0,0,0,0,0,0,0,0,0,0,0,0,0,0,0,0,0,0,0,0,0,0,0,0,0,0,0,0,0.0,0.25,0.0,0,0,0,0,0,0,0,0,0,0,0,0,0,0,0,0,0,0,0,0,0,0,0,0,0,0,0,0,0,11.13
25.0,0,0,0,0,0,0,0,0,0,0,0,0.056603774,0,0,0,0,0,0,0,0.188679245,0.0,0.0,0,0,0,0,0,0,0,0,0,0,0,0,0,0,0.188679245,0.188679245,0.0,0,0,0,0,0,0,0,0,0,0,0,0,0,0,0,0,0,0,0,0,0,0,0,0,0,0,0,0,0,0.188679245,0.188679245,0.0,0,0,0,0,0,0,0,0,0,0,0,0,0,0,0,0,0,0,0,0,0,0,0,0,0,0,0,0,0,48.23
25.0,0,0,0,0,0,0,0,0,0,0,0,0.090909091,0,0,0,0,0,0,0,0.181818182,0.0,0.0,0,0,0,0,0,0,0,0,0,0,0,0,0,0,0.181818182,0.181818182,0.0,0,0,0,0,0,0,0,0,0,0,0,0,0,0,0,0,0,0,0,0,0,0,0,0,0,0,0,0,0,0.181818182,0.181818182,0.0,0,0,0,0,0,0,0,0,0,0,0,0,0,0,0,0,0,0,0,0,0,0,0,0,0,0,0,0,0,47.98
25.0,0,0,0,0,0,0,0,0,0,0,0,0.130434783,0,0,0,0,0,0,0,0.173913043,0.0,0.0,0,0,0,0,0,0,0,0,0,0,0,0,0,0,0.173913043,0.173913043,0.0,0,0,0,0,0,0,0,0,0,0,0,0,0,0,0,0,0,0,0,0,0,0,0,0,0,0,0,0,0,0.173913043,0.173913043,0.0,0,0,0,0,0,0,0,0,0,0,0,0,0,0,0,0,0,0,0,0,0,0,0,0,0,0,0,0,0,28.61
25.0,0,0,0,0,0,0,0,0,0,0,0,0.166666667,0,0,0,0,0,0,0,0.166666667,0.0,0.0,0,0,0,0,0,0,0,0,0,0,0,0,0,0,0.166666667,0.166666667,0.0,0,0,0,0,0,0,0,0,0,0,0,0,0,0,0,0,0,0,0,0,0,0,0,0,0,0,0,0,0,0.166666667,0.166666667,0.0,0,0,0,0,0,0,0,0,0,0,0,0,0,0,0,0,0,0,0,0,0,0,0,0,0,0,0,0,0,20.17
25.0,0,0,0,0,0,0,0,0,0,0,0,0.0,0,0,0,0,0,0,0,0.2,0.0,0.0,0,0,0,0,0,0,0,0,0,0,0,0,0,0,0.2,0.2,0.0,0,0,0,0,0,0,0,0,0,0,0,0,0,0,0,0,0,0,0,0,0,0,0,0,0,0,0,0,0,0.2,0.2,0.0,0,0,0,0,0,0,0,0,0,0,0,0,0,0,0,0,0,0,0,0,0,0,0,0,0,0,0,0,0,48.08
25.0,0,0,0,0,0,0,0,0,0,0,0,0.06,0,0,0,0,0,0,0,0.28,0.04,0.0,0,0,0,0,0,0,0,0,0,0,0,0,0,0,0.26,0.2,0.0,0,0,0,0,0,0,0,0,0,0,0,0,0,0,0,0,0,0,0,0,0,0,0,0,0,0,0,0,0,0.0,0.16,0.0,0,0,0,0,0,0,0,0,0,0,0,0,0,0,0,0,0,0,0,0,0,0,0,0,0,0,0,0,0,1.58
1000.0,0,0,0,0,0,0,0,0,0,0,0,0.06,0,0,0,0,0,0,0,0.28,0.04,0.0,0,0,0,0,0,0,0,0,0,0,0,0,0,0,0.26,0.2,0.0,0,0,0,0,0,0,0,0,0,0,0,0,0,0,0,0,0,0,0,0,0,0,0,0,0,0,0,0,0,0.0,0.16,0.0,0,0,0,0,0,0,0,0,0,0,0,0,0,0,0,0,0,0,0,0,0,0,0,0,0,0,0,0,0,48.75
800.0,0,0,0,0,0,0,0,0,0,0,0,0.06,0,0,0,0,0,0,0,0.28,0.04,0.0,0,0,0,0,0,0,0,0,0,0,0,0,0,0,0.26,0.2,0.0,0,0,0,0,0,0,0,0,0,0,0,0,0,0,0,0,0,0,0,0,0,0,0,0,0,0,0,0,0,0.0,0.16,0.0,0,0,0,0,0,0,0,0,0,0,0,0,0,0,0,0,0,0,0,0,0,0,0,0,0,0,0,0,0,41.83
25.0,0,0,0,0,0,0,0,0,0,0,0,0.06,0,0,0,0,0,0,0,0.28,0.0,0.0,0,0,0,0,0,0,0,0,0,0,0,0,0,0,0.26,0.2,0.0,0,0,0,0,0,0,0,0,0,0,0,0,0,0,0,0,0,0,0,0,0,0,0,0,0,0,0,0,0,0.0,0.2,0.0,0,0,0,0,0,0,0,0,0,0,0,0,0,0,0,0,0,0,0,0,0,0,0,0,0,0,0,0,0,0.55
1000.0,0,0,0,0,0,0,0,0,0,0,0,0.06,0,0,0,0,0,0,0,0.28,0.0,0.0,0,0,0,0,0,0,0,0,0,0,0,0,0,0,0.26,0.2,0.0,0,0,0,0,0,0,0,0,0,0,0,0,0,0,0,0,0,0,0,0,0,0,0,0,0,0,0,0,0,0.0,0.2,0.0,0,0,0,0,0,0,0,0,0,0,0,0,0,0,0,0,0,0,0,0,0,0,0,0,0,0,0,0,0,48.89
800.0,0,0,0,0,0,0,0,0,0,0,0,0.06,0,0,0,0,0,0,0,0.28,0.0,0.0,0,0,0,0,0,0,0,0,0,0,0,0,0,0,0.26,0.2,0.0,0,0,0,0,0,0,0,0,0,0,0,0,0,0,0,0,0,0,0,0,0,0,0,0,0,0,0,0,0,0.0,0.2,0.0,0,0,0,0,0,0,0,0,0,0,0,0,0,0,0,0,0,0,0,0,0,0,0,0,0,0,0,0,0,46.91
25.0,0,0,0,0,0,0,0,0,0,0,0,0.08,0,0,0,0,0,0,0,0.2,0.0,0.0,0,0,0,0,0,0,0,0,0,0,0,0,0,0,0.2,0.2,0.0,0,0,0,0,0,0,0,0,0,0,0,0,0,0,0,0,0,0,0,0,0,0,0,0,0,0,0,0,0,0.12,0.2,0.0,0,0,0,0,0,0,0,0,0,0,0,0,0,0,0,0,0,0,0,0,0,0,0,0,0,0,0,0,0,6.86
1000.0,0,0,0,0,0,0,0,0,0,0,0,0.08,0,0,0,0,0,0,0,0.2,0.0,0.0,0,0,0,0,0,0,0,0,0,0,0,0,0,0,0.2,0.2,0.0,0,0,0,0,0,0,0,0,0,0,0,0,0,0,0,0,0,0,0,0,0,0,0,0,0,0,0,0,0,0.12,0.2,0.0,0,0,0,0,0,0,0,0,0,0,0,0,0,0,0,0,0,0,0,0,0,0,0,0,0,0,0,0,0,48.29
800.0,0,0,0,0,0,0,0,0,0,0,0,0.08,0,0,0,0,0,0,0,0.2,0.0,0.0,0,0,0,0,0,0,0,0,0,0,0,0,0,0,0.2,0.2,0.0,0,0,0,0,0,0,0,0,0,0,0,0,0,0,0,0,0,0,0,0,0,0,0,0,0,0,0,0,0,0.12,0.2,0.0,0,0,0,0,0,0,0,0,0,0,0,0,0,0,0,0,0,0,0,0,0,0,0,0,0,0,0,0,0,42.58
25.0,0,0,0,0,0,0,0,0,0,0,0,0.106382979,0,0,0,0,0,0,0,0.319148936,0.042553191,0.0,0,0,0,0,0,0,0,0,0,0,0,0,0,0,0.212765957,0.212765957,0.0,0,0,0,0,0,0,0,0,0,0,0,0,0,0,0,0,0,0,0,0,0,0,0,0,0,0,0,0,0,0.0,0.106382979,0.0,0,0,0,0,0,0,0,0,0,0,0,0,0,0,0,0,0,0,0,0,0,0,0,0,0,0,0,0,0,1.51
1000.0,0,0,0,0,0,0,0,0,0,0,0,0.1,0,0,0,0,0,0,0,0.3,0.04,0.0,0,0,0,0,0,0,0,0,0,0,0,0,0,0,0.2,0.2,0.0,0,0,0,0,0,0,0,0,0,0,0,0,0,0,0,0,0,0,0,0,0,0,0,0,0,0,0,0,0,0.0,0.16,0.0,0,0,0,0,0,0,0,0,0,0,0,0,0,0,0,0,0,0,0,0,0,0,0,0,0,0,0,0,0,48.56
800.0,0,0,0,0,0,0,0,0,0,0,0,0.1,0,0,0,0,0,0,0,0.3,0.04,0.0,0,0,0,0,0,0,0,0,0,0,0,0,0,0,0.2,0.2,0.0,0,0,0,0,0,0,0,0,0,0,0,0,0,0,0,0,0,0,0,0,0,0,0,0,0,0,0,0,0,0.0,0.16,0.0,0,0,0,0,0,0,0,0,0,0,0,0,0,0,0,0,0,0,0,0,0,0,0,0,0,0,0,0,0,43.92
25.0,0,0,0,0,0,0,0,0,0,0,0,0.2,0,0,0,0,0,0,0,0.2,0.0,0.0,0,0,0,0,0,0,0,0,0,0,0,0,0,0,0.2,0.2,0.1,0,0,0,0,0,0,0,0,0,0,0,0,0,0,0,0,0,0,0,0,0,0,0,0,0,0,0,0,0,0.0,0.1,0.0,0,0,0,0,0,0,0,0,0,0,0,0,0,0,0,0,0,0,0,0,0,0,0,0,0,0,0,0,0,8.67
1000.0,0,0,0,0,0,0,0,0,0,0,0,0.2,0,0,0,0,0,0,0,0.2,0.0,0.0,0,0,0,0,0,0,0,0,0,0,0,0,0,0,0.2,0.2,0.1,0,0,0,0,0,0,0,0,0,0,0,0,0,0,0,0,0,0,0,0,0,0,0,0,0,0,0,0,0,0.0,0.1,0.0,0,0,0,0,0,0,0,0,0,0,0,0,0,0,0,0,0,0,0,0,0,0,0,0,0,0,0,0,0,43.3
800.0,0,0,0,0,0,0,0,0,0,0,0,0.2,0,0,0,0,0,0,0,0.2,0.0,0.0,0,0,0,0,0,0,0,0,0,0,0,0,0,0,0.2,0.2,0.1,0,0,0,0,0,0,0,0,0,0,0,0,0,0,0,0,0,0,0,0,0,0,0,0,0,0,0,0,0,0.0,0.1,0.0,0,0,0,0,0,0,0,0,0,0,0,0,0,0,0,0,0,0,0,0,0,0,0,0,0,0,0,0,0,9.13
25.0,0,0,0,0,0,0,0,0,0,0,0,0.2,0,0,0,0,0,0,0,0.3,0.0,0.0,0,0,0,0,0,0,0,0,0,0,0,0,0,0,0.1,0.3,0.0,0,0,0,0,0,0,0,0,0,0,0,0,0,0,0,0,0,0,0,0,0,0,0,0,0,0,0,0,0,0.0,0.1,0.0,0,0,0,0,0,0,0,0,0,0,0,0,0,0,0,0,0,0,0,0,0,0,0,0,0,0,0,0,0,2.62
1000.0,0,0,0,0,0,0,0,0,0,0,0,0.2,0,0,0,0,0,0,0,0.3,0.0,0.0,0,0,0,0,0,0,0,0,0,0,0,0,0,0,0.1,0.3,0.0,0,0,0,0,0,0,0,0,0,0,0,0,0,0,0,0,0,0,0,0,0,0,0,0,0,0,0,0,0,0.0,0.1,0.0,0,0,0,0,0,0,0,0,0,0,0,0,0,0,0,0,0,0,0,0,0,0,0,0,0,0,0,0,0,48.51
800.0,0,0,0,0,0,0,0,0,0,0,0,0.2,0,0,0,0,0,0,0,0.3,0.0,0.0,0,0,0,0,0,0,0,0,0,0,0,0,0,0,0.1,0.3,0.0,0,0,0,0,0,0,0,0,0,0,0,0,0,0,0,0,0,0,0,0,0,0,0,0,0,0,0,0,0,0.0,0.1,0.0,0,0,0,0,0,0,0,0,0,0,0,0,0,0,0,0,0,0,0,0,0,0,0,0,0,0,0,0,0,37.56
25.0,0,0,0,0,0,0,0,0,0,0,0,0.08,0,0,0,0,0,0,0,0.2,0.0,0.0,0,0,0,0,0,0,0,0,0,0,0,0,0,0,0.2,0.2,0.0,0,0,0,0,0,0,0,0,0,0,0,0,0,0,0,0,0,0,0,0,0,0,0,0,0,0,0,0,0,0.12,0.2,0.0,0,0,0,0,0,0,0,0,0,0,0,0,0,0,0,0,0,0,0,0,0,0,0,0,0,0,0,0,0,7.69
1200.0,0,0,0,0,0,0,0,0,0,0,0,0.08,0,0,0,0,0,0,0,0.2,0.0,0.0,0,0,0,0,0,0,0,0,0,0,0,0,0,0,0.2,0.2,0.0,0,0,0,0,0,0,0,0,0,0,0,0,0,0,0,0,0,0,0,0,0,0,0,0,0,0,0,0,0,0.12,0.2,0.0,0,0,0,0,0,0,0,0,0,0,0,0,0,0,0,0,0,0,0,0,0,0,0,0,0,0,0,0,0,48.69
1000.0,0,0,0,0,0,0,0,0,0,0,0,0.08,0,0,0,0,0,0,0,0.2,0.0,0.0,0,0,0,0,0,0,0,0,0,0,0,0,0,0,0.2,0.2,0.0,0,0,0,0,0,0,0,0,0,0,0,0,0,0,0,0,0,0,0,0,0,0,0,0,0,0,0,0,0,0.12,0.2,0.0,0,0,0,0,0,0,0,0,0,0,0,0,0,0,0,0,0,0,0,0,0,0,0,0,0,0,0,0,0,51.29
800.0,0,0,0,0,0,0,0,0,0,0,0,0.08,0,0,0,0,0,0,0,0.2,0.0,0.0,0,0,0,0,0,0,0,0,0,0,0,0,0,0,0.2,0.2,0.0,0,0,0,0,0,0,0,0,0,0,0,0,0,0,0,0,0,0,0,0,0,0,0,0,0,0,0,0,0,0.12,0.2,0.0,0,0,0,0,0,0,0,0,0,0,0,0,0,0,0,0,0,0,0,0,0,0,0,0,0,0,0,0,0,42.66
25.0,0,0,0,0,0,0,0,0,0,0,0,0.2,0,0,0,0,0,0,0,0.2,0.0,0.0,0,0,0,0,0,0,0,0,0,0,0,0,0,0,0.2,0.2,0.1,0,0,0,0,0,0,0,0,0,0,0,0,0,0,0,0,0,0,0,0,0,0,0,0,0,0,0,0,0,0.0,0.1,0.0,0,0,0,0,0,0,0,0,0,0,0,0,0,0,0,0,0,0,0,0,0,0,0,0,0,0,0,0,0,8.69
1200.0,0,0,0,0,0,0,0,0,0,0,0,0.2,0,0,0,0,0,0,0,0.2,0.0,0.0,0,0,0,0,0,0,0,0,0,0,0,0,0,0,0.2,0.2,0.1,0,0,0,0,0,0,0,0,0,0,0,0,0,0,0,0,0,0,0,0,0,0,0,0,0,0,0,0,0,0.0,0.1,0.0,0,0,0,0,0,0,0,0,0,0,0,0,0,0,0,0,0,0,0,0,0,0,0,0,0,0,0,0,0,47.62
1000.0,0,0,0,0,0,0,0,0,0,0,0,0.2,0,0,0,0,0,0,0,0.2,0.0,0.0,0,0,0,0,0,0,0,0,0,0,0,0,0,0,0.2,0.2,0.1,0,0,0,0,0,0,0,0,0,0,0,0,0,0,0,0,0,0,0,0,0,0,0,0,0,0,0,0,0,0.0,0.1,0.0,0,0,0,0,0,0,0,0,0,0,0,0,0,0,0,0,0,0,0,0,0,0,0,0,0,0,0,0,0,42.89
800.0,0,0,0,0,0,0,0,0,0,0,0,0.2,0,0,0,0,0,0,0,0.2,0.0,0.0,0,0,0,0,0,0,0,0,0,0,0,0,0,0,0.2,0.2,0.1,0,0,0,0,0,0,0,0,0,0,0,0,0,0,0,0,0,0,0,0,0,0,0,0,0,0,0,0,0,0.0,0.1,0.0,0,0,0,0,0,0,0,0,0,0,0,0,0,0,0,0,0,0,0,0,0,0,0,0,0,0,0,0,0,10.5
25.0,0,0,0,0,0,0,0,0,0,0,0,0.1,0,0,0,0,0,0,0,0.4,0.1,0.2,0,0,0,0,0,0,0,0,0,0,0,0,0,0,0.0,0.2,0.0,0,0,0,0,0,0,0,0,0,0,0,0,0,0,0,0,0,0,0,0,0,0,0,0,0,0,0,0,0,0.0,0.0,0.0,0,0,0,0,0,0,0,0,0,0,0,0,0,0,0,0,0,0,0,0,0,0,0,0,0,0,0,0,0,17.84
25.0,0,0,0,0,0,0,0,0,0,0,0,0.222222222,0,0,0,0,0,0,0,0.222222222,0.222222222,0.111111111,0,0,0,0,0,0,0,0,0,0,0,0,0,0,0.0,0.222222222,0.0,0,0,0,0,0,0,0,0,0,0,0,0,0,0,0,0,0,0,0,0,0,0,0,0,0,0,0,0,0,0.0,0.0,0.0,0,0,0,0,0,0,0,0,0,0,0,0,0,0,0,0,0,0,0,0,0,0,0,0,0,0,0,0,0,1.22
1000.0,0,0,0,0,0,0,0,0,0,0,0,0.222222222,0,0,0,0,0,0,0,0.222222222,0.222222222,0.111111111,0,0,0,0,0,0,0,0,0,0,0,0,0,0,0.0,0.222222222,0.0,0,0,0,0,0,0,0,0,0,0,0,0,0,0,0,0,0,0,0,0,0,0,0,0,0,0,0,0,0,0.0,0.0,0.0,0,0,0,0,0,0,0,0,0,0,0,0,0,0,0,0,0,0,0,0,0,0,0,0,0,0,0,0,0,49.61
800.0,0,0,0,0,0,0,0,0,0,0,0,0.222222222,0,0,0,0,0,0,0,0.222222222,0.222222222,0.111111111,0,0,0,0,0,0,0,0,0,0,0,0,0,0,0.0,0.222222222,0.0,0,0,0,0,0,0,0,0,0,0,0,0,0,0,0,0,0,0,0,0,0,0,0,0,0,0,0,0,0,0.0,0.0,0.0,0,0,0,0,0,0,0,0,0,0,0,0,0,0,0,0,0,0,0,0,0,0,0,0,0,0,0,0,0,45.25
600.0,0,0,0,0,0,0,0,0,0,0,0,0.222222222,0,0,0,0,0,0,0,0.222222222,0.222222222,0.111111111,0,0,0,0,0,0,0,0,0,0,0,0,0,0,0.0,0.222222222,0.0,0,0,0,0,0,0,0,0,0,0,0,0,0,0,0,0,0,0,0,0,0,0,0,0,0,0,0,0,0,0.0,0.0,0.0,0,0,0,0,0,0,0,0,0,0,0,0,0,0,0,0,0,0,0,0,0,0,0,0,0,0,0,0,0,2.41
25.0,0,0,0,0,0,0,0,0,0,0,0,0.181818182,0,0,0,0,0,0,0,0.181818182,0.181818182,0.272727273,0,0,0,0,0,0,0,0,0,0,0,0,0,0,0.0,0.181818182,0.0,0,0,0,0,0,0,0,0,0,0,0,0,0,0,0,0,0,0,0,0,0,0,0,0,0,0,0,0,0,0.0,0.0,0.0,0,0,0,0,0,0,0,0,0,0,0,0,0,0,0,0,0,0,0,0,0,0,0,0,0,0,0,0,0,0.38
1000.0,0,0,0,0,0,0,0,0,0,0,0,0.181818182,0,0,0,0,0,0,0,0.181818182,0.181818182,0.272727273,0,0,0,0,0,0,0,0,0,0,0,0,0,0,0.0,0.181818182,0.0,0,0,0,0,0,0,0,0,0,0,0,0,0,0,0,0,0,0,0,0,0,0,0,0,0,0,0,0,0,0.0,0.0,0.0,0,0,0,0,0,0,0,0,0,0,0,0,0,0,0,0,0,0,0,0,0,0,0,0,0,0,0,0,0,50.04
800.0,0,0,0,0,0,0,0,0,0,0,0,0.181818182,0,0,0,0,0,0,0,0.181818182,0.181818182,0.272727273,0,0,0,0,0,0,0,0,0,0,0,0,0,0,0.0,0.181818182,0.0,0,0,0,0,0,0,0,0,0,0,0,0,0,0,0,0,0,0,0,0,0,0,0,0,0,0,0,0,0,0.0,0.0,0.0,0,0,0,0,0,0,0,0,0,0,0,0,0,0,0,0,0,0,0,0,0,0,0,0,0,0,0,0,0,42.98
600.0,0,0,0,0,0,0,0,0,0,0,0,0.181818182,0,0,0,0,0,0,0,0.181818182,0.181818182,0.272727273,0,0,0,0,0,0,0,0,0,0,0,0,0,0,0.0,0.181818182,0.0,0,0,0,0,0,0,0,0,0,0,0,0,0,0,0,0,0,0,0,0,0,0,0,0,0,0,0,0,0,0.0,0.0,0.0,0,0,0,0,0,0,0,0,0,0,0,0,0,0,0,0,0,0,0,0,0,0,0,0,0,0,0,0,0,1.33
25.0,0,0,0,0,0,0,0,0,0,0,0,0.2,0,0,0,0,0,0,0,0.2,0.2,0.2,0,0,0,0,0,0,0,0,0,0,0,0,0,0,0.0,0.2,0.0,0,0,0,0,0,0,0,0,0,0,0,0,0,0,0,0,0,0,0,0,0,0,0,0,0,0,0,0,0,0.0,0.0,0.0,0,0,0,0,0,0,0,0,0,0,0,0,0,0,0,0,0,0,0,0,0,0,0,0,0,0,0,0,0,0.61
1000.0,0,0,0,0,0,0,0,0,0,0,0,0.2,0,0,0,0,0,0,0,0.2,0.2,0.2,0,0,0,0,0,0,0,0,0,0,0,0,0,0,0.0,0.2,0.0,0,0,0,0,0,0,0,0,0,0,0,0,0,0,0,0,0,0,0,0,0,0,0,0,0,0,0,0,0,0.0,0.0,0.0,0,0,0,0,0,0,0,0,0,0,0,0,0,0,0,0,0,0,0,0,0,0,0,0,0,0,0,0,0,48.9
800.0,0,0,0,0,0,0,0,0,0,0,0,0.2,0,0,0,0,0,0,0,0.2,0.2,0.2,0,0,0,0,0,0,0,0,0,0,0,0,0,0,0.0,0.2,0.0,0,0,0,0,0,0,0,0,0,0,0,0,0,0,0,0,0,0,0,0,0,0,0,0,0,0,0,0,0,0.0,0.0,0.0,0,0,0,0,0,0,0,0,0,0,0,0,0,0,0,0,0,0,0,0,0,0,0,0,0,0,0,0,0,41.65
600.0,0,0,0,0,0,0,0,0,0,0,0,0.2,0,0,0,0,0,0,0,0.2,0.2,0.2,0,0,0,0,0,0,0,0,0,0,0,0,0,0,0.0,0.2,0.0,0,0,0,0,0,0,0,0,0,0,0,0,0,0,0,0,0,0,0,0,0,0,0,0,0,0,0,0,0,0.0,0.0,0.0,0,0,0,0,0,0,0,0,0,0,0,0,0,0,0,0,0,0,0,0,0,0,0,0,0,0,0,0,0,1.61
25.0,0,0,0,0,0,0,0,0,0,0,0,0.25,0,0,0,0,0,0,0,0.25,0.25,0.0,0,0,0,0,0,0,0,0,0,0,0,0,0,0,0.0,0.25,0.0,0,0,0,0,0,0,0,0,0,0,0,0,0,0,0,0,0,0,0,0,0,0,0,0,0,0,0,0,0,0.0,0.0,0.0,0,0,0,0,0,0,0,0,0,0,0,0,0,0,0,0,0,0,0,0,0,0,0,0,0,0,0,0,0,6.53
1000.0,0,0,0,0,0,0,0,0,0,0,0,0.25,0,0,0,0,0,0,0,0.25,0.25,0.0,0,0,0,0,0,0,0,0,0,0,0,0,0,0,0.0,0.25,0.0,0,0,0,0,0,0,0,0,0,0,0,0,0,0,0,0,0,0,0,0,0,0,0,0,0,0,0,0,0,0.0,0.0,0.0,0,0,0,0,0,0,0,0,0,0,0,0,0,0,0,0,0,0,0,0,0,0,0,0,0,0,0,0,0,49.85
800.0,0,0,0,0,0,0,0,0,0,0,0,0.25,0,0,0,0,0,0,0,0.25,0.25,0.0,0,0,0,0,0,0,0,0,0,0,0,0,0,0,0.0,0.25,0.0,0,0,0,0,0,0,0,0,0,0,0,0,0,0,0,0,0,0,0,0,0,0,0,0,0,0,0,0,0,0.0,0.0,0.0,0,0,0,0,0,0,0,0,0,0,0,0,0,0,0,0,0,0,0,0,0,0,0,0,0,0,0,0,0,43.89
600.0,0,0,0,0,0,0,0,0,0,0,0,0.25,0,0,0,0,0,0,0,0.25,0.25,0.0,0,0,0,0,0,0,0,0,0,0,0,0,0,0,0.0,0.25,0.0,0,0,0,0,0,0,0,0,0,0,0,0,0,0,0,0,0,0,0,0,0,0,0,0,0,0,0,0,0,0.0,0.0,0.0,0,0,0,0,0,0,0,0,0,0,0,0,0,0,0,0,0,0,0,0,0,0,0,0,0,0,0,0,0,14.53
25.0,0,0,0,0,0,0,0,0,0,0,0,0.2,0,0,0,0,0,0,0,0.2,0.0,0.2,0,0,0,0,0,0,0,0,0,0,0,0,0,0,0.0,0.2,0.2,0,0,0,0,0,0,0,0,0,0,0,0,0,0,0,0,0,0,0,0,0,0,0,0,0,0,0,0,0,0.0,0.0,0.0,0,0,0,0,0,0,0,0,0,0,0,0,0,0,0,0,0,0,0,0,0,0,0,0,0,0,0,0,0,0.0
400.0,0,0,0,0,0,0,0,0,0,0,0,0.2,0,0,0,0,0,0,0,0.2,0.0,0.2,0,0,0,0,0,0,0,0,0,0,0,0,0,0,0.0,0.2,0.2,0,0,0,0,0,0,0,0,0,0,0,0,0,0,0,0,0,0,0,0,0,0,0,0,0,0,0,0,0,0.0,0.0,0.0,0,0,0,0,0,0,0,0,0,0,0,0,0,0,0,0,0,0,0,0,0,0,0,0,0,0,0,0,0,0.02
25.0,0,0,0,0,0,0,0,0,0,0,0,0.25,0,0,0,0,0,0,0,0.25,0.25,0.0,0,0,0,0,0,0,0,0,0,0,0,0,0,0,0.0,0.25,0.0,0,0,0,0,0,0,0,0,0,0,0,0,0,0,0,0,0,0,0,0,0,0,0,0,0,0,0,0,0,0.0,0.0,0.0,0,0,0,0,0,0,0,0,0,0,0,0,0,0,0,0,0,0,0,0,0,0,0,0,0,0,0,0,0,5.09
600.0,0,0,0,0,0,0,0,0,0,0,0,0.25,0,0,0,0,0,0,0,0.25,0.25,0.0,0,0,0,0,0,0,0,0,0,0,0,0,0,0,0.0,0.25,0.0,0,0,0,0,0,0,0,0,0,0,0,0,0,0,0,0,0,0,0,0,0,0,0,0,0,0,0,0,0,0.0,0.0,0.0,0,0,0,0,0,0,0,0,0,0,0,0,0,0,0,0,0,0,0,0,0,0,0,0,0,0,0,0,0,12.1
25.0,0,0,0,0,0,0,0,0,0,0,0,0.25,0,0,0,0,0,0,0,0.25,0.25,0.0,0,0,0,0,0,0,0,0,0,0,0,0,0,0,0.0,0.25,0.0,0,0,0,0,0,0,0,0,0,0,0,0,0,0,0,0,0,0,0,0,0,0,0,0,0,0,0,0,0,0.0,0.0,0.0,0,0,0,0,0,0,0,0,0,0,0,0,0,0,0,0,0,0,0,0,0,0,0,0,0,0,0,0,0,6.0
600.0,0,0,0,0,0,0,0,0,0,0,0,0.25,0,0,0,0,0,0,0,0.25,0.25,0.0,0,0,0,0,0,0,0,0,0,0,0,0,0,0,0.0,0.25,0.0,0,0,0,0,0,0,0,0,0,0,0,0,0,0,0,0,0,0,0,0,0,0,0,0,0,0,0,0,0,0.0,0.0,0.0,0,0,0,0,0,0,0,0,0,0,0,0,0,0,0,0,0,0,0,0,0,0,0,0,0,0,0,0,0,14.3
25.0,0,0,0,0,0,0,0,0,0,0,0,0.2,0,0,0,0,0,0,0,0.2,0.2,0.0,0,0,0,0,0,0,0,0,0,0,0,0,0,0,0.2,0.2,0.0,0,0,0,0,0,0,0,0,0,0,0,0,0,0,0,0,0,0,0,0,0,0,0,0,0,0,0,0,0,0.0,0.0,0.0,0,0,0,0,0,0,0,0,0,0,0,0,0,0,0,0,0,0,0,0,0,0,0,0,0,0,0,0,0,3.0
600.0,0,0,0,0,0,0,0,0,0,0,0,0.2,0,0,0,0,0,0,0,0.2,0.2,0.0,0,0,0,0,0,0,0,0,0,0,0,0,0,0,0.2,0.2,0.0,0,0,0,0,0,0,0,0,0,0,0,0,0,0,0,0,0,0,0,0,0,0,0,0,0,0,0,0,0,0.0,0.0,0.0,0,0,0,0,0,0,0,0,0,0,0,0,0,0,0,0,0,0,0,0,0,0,0,0,0,0,0,0,0,1.0
25.0,0,0,0,0,0,0,0,0,0,0,0,0.243902439,0,0,0,0,0,0,0,0.243902439,0.243902439,0.0,0,0,0,0,0,0,0,0,0,0,0,0,0,0,0.024390244,0.243902439,0.0,0,0,0,0,0,0,0,0,0,0,0,0,0,0,0,0,0,0,0,0,0,0,0,0,0,0,0,0,0,0.0,0.0,0.0,0,0,0,0,0,0,0,0,0,0,0,0,0,0,0,0,0,0,0,0,0,0,0,0,0,0,0,0,0,3.7
600.0,0,0,0,0,0,0,0,0,0,0,0,0.243902439,0,0,0,0,0,0,0,0.243902439,0.243902439,0.0,0,0,0,0,0,0,0,0,0,0,0,0,0,0,0.024390244,0.243902439,0.0,0,0,0,0,0,0,0,0,0,0,0,0,0,0,0,0,0,0,0,0,0,0,0,0,0,0,0,0,0,0.0,0.0,0.0,0,0,0,0,0,0,0,0,0,0,0,0,0,0,0,0,0,0,0,0,0,0,0,0,0,0,0,0,0,5.1
25.0,0,0,0,0,0,0,0,0,0,0,0,0.235294118,0,0,0,0,0,0,0,0.235294118,0.235294118,0.0,0,0,0,0,0,0,0,0,0,0,0,0,0,0,0.058823529,0.235294118,0.0,0,0,0,0,0,0,0,0,0,0,0,0,0,0,0,0,0,0,0,0,0,0,0,0,0,0,0,0,0,0.0,0.0,0.0,0,0,0,0,0,0,0,0,0,0,0,0,0,0,0,0,0,0,0,0,0,0,0,0,0,0,0,0,0,9.3
600.0,0,0,0,0,0,0,0,0,0,0,0,0.235294118,0,0,0,0,0,0,0,0.235294118,0.235294118,0.0,0,0,0,0,0,0,0,0,0,0,0,0,0,0,0.058823529,0.235294118,0.0,0,0,0,0,0,0,0,0,0,0,0,0,0,0,0,0,0,0,0,0,0,0,0,0,0,0,0,0,0,0.0,0.0,0.0,0,0,0,0,0,0,0,0,0,0,0,0,0,0,0,0,0,0,0,0,0,0,0,0,0,0,0,0,0,6.5
600.0,0,0,0,0,0,0,0,0,0,0,0,0.222222222,0,0,0,0,0,0,0,0.222222222,0.222222222,0.0,0,0,0,0,0,0,0,0,0,0,0,0,0,0,0.111111111,0.222222222,0.0,0,0,0,0,0,0,0,0,0,0,0,0,0,0,0,0,0,0,0,0,0,0,0,0,0,0,0,0,0,0.0,0.0,0.0,0,0,0,0,0,0,0,0,0,0,0,0,0,0,0,0,0,0,0,0,0,0,0,0,0,0,0,0,0,7.5
25.0,0,0,0,0,0,0,0,0,0,0,0,0.181818182,0,0,0,0,0,0,0,0.181818182,0.181818182,0.0,0,0,0,0,0,0,0,0,0,0,0,0,0,0,0.272727273,0.181818182,0.0,0,0,0,0,0,0,0,0,0,0,0,0,0,0,0,0,0,0,0,0,0,0,0,0,0,0,0,0,0,0.0,0.0,0.0,0,0,0,0,0,0,0,0,0,0,0,0,0,0,0,0,0,0,0,0,0,0,0,0,0,0,0,0,0,0.4
600.0,0,0,0,0,0,0,0,0,0,0,0,0.181818182,0,0,0,0,0,0,0,0.181818182,0.181818182,0.0,0,0,0,0,0,0,0,0,0,0,0,0,0,0,0.272727273,0.181818182,0.0,0,0,0,0,0,0,0,0,0,0,0,0,0,0,0,0,0,0,0,0,0,0,0,0,0,0,0,0,0,0.0,0.0,0.0,0,0,0,0,0,0,0,0,0,0,0,0,0,0,0,0,0,0,0,0,0,0,0,0,0,0,0,0,0,0.0
25.0,0,0,0,0,0,0,0,0,0,0,0,0.0,0,0,0,0,0,0,0,0.25,0.0,0.0,0,0,0,0,0,0,0,0,0,0,0,0,0,0,0.25,0.25,0.125,0,0,0,0,0,0,0,0,0,0,0,0,0,0,0,0,0,0,0,0,0,0,0,0,0,0,0,0,0,0.125,0.0,0.0,0,0,0,0,0,0,0,0,0,0,0,0,0,0,0,0,0,0,0,0,0,0,0,0,0,0,0,0,0,18.27
25.0,0,0,0,0,0,0,0,0,0,0,0,0.0,0,0,0,0,0,0,0,0.2,0.0,0.2,0,0,0,0,0,0,0,0,0,0,0,0,0,0,0.2,0.2,0.0,0,0,0,0,0,0,0,0,0,0,0,0,0,0,0,0,0,0,0,0,0,0,0,0,0,0,0,0,0,0.2,0.0,0.0,0,0,0,0,0,0,0,0,0,0,0,0,0,0,0,0,0,0,0,0,0,0,0,0,0,0,0,0,0,2.52
25.0,0,0,0,0,0,0,0,0,0,0,0,0.0,0,0,0,0,0,0,0,0.2,0.0,0.2,0,0,0,0,0,0,0,0,0,0,0,0,0,0,0.2,0.2,0.0,0,0,0,0,0,0,0,0,0,0,0,0,0,0,0,0,0,0,0,0,0,0,0,0,0,0,0,0,0,0.2,0.0,0.0,0,0,0,0,0,0,0,0,0,0,0,0,0,0,0,0,0,0,0,0,0,0,0,0,0,0,0,0,0,4.43
25.0,0,0,0,0,0,0,0,0,0,0,0,0.0,0,0,0,0,0,0,0,0.2,0.0,0.2,0,0,0,0,0,0,0,0,0,0,0,0,0,0,0.2,0.2,0.0,0,0,0,0,0,0,0,0,0,0,0,0,0,0,0,0,0,0,0,0,0,0,0,0,0,0,0,0,0,0.2,0.0,0.0,0,0,0,0,0,0,0,0,0,0,0,0,0,0,0,0,0,0,0,0,0,0,0,0,0,0,0,0,0,3.06
25.0,0,0,0,0,0,0,0,0,0,0,0,0.0,0,0,0,0,0,0,0,0.2,0.0,0.2,0,0,0,0,0,0,0,0,0,0,0,0,0,0,0.2,0.2,0.0,0,0,0,0,0,0,0,0,0,0,0,0,0,0,0,0,0,0,0,0,0,0,0,0,0,0,0,0,0,0.2,0.0,0.0,0,0,0,0,0,0,0,0,0,0,0,0,0,0,0,0,0,0,0,0,0,0,0,0,0,0,0,0,0,4.3
25.0,0,0,0,0,0,0,0,0,0,0,0,0.0,0,0,0,0,0,0,0,0.2,0.0,0.2,0,0,0,0,0,0,0,0,0,0,0,0,0,0,0.2,0.2,0.0,0,0,0,0,0,0,0,0,0,0,0,0,0,0,0,0,0,0,0,0,0,0,0,0,0,0,0,0,0,0.2,0.0,0.0,0,0,0,0,0,0,0,0,0,0,0,0,0,0,0,0,0,0,0,0,0,0,0,0,0,0,0,0,0,1.2
25.0,0,0,0,0,0,0,0,0,0,0,0,0.0,0,0,0,0,0,0,0,0.2,0.2,0.0,0,0,0,0,0,0,0,0,0,0,0,0,0,0,0.2,0.2,0.0,0,0,0,0,0,0,0,0,0,0,0,0,0,0,0,0,0,0,0,0,0,0,0,0,0,0,0,0,0,0.2,0.0,0.0,0,0,0,0,0,0,0,0,0,0,0,0,0,0,0,0,0,0,0,0,0,0,0,0,0,0,0,0,0,39.23
25.0,0,0,0,0,0,0,0,0,0,0,0,0.0,0,0,0,0,0,0,0,0.2,0.2,0.0,0,0,0,0,0,0,0,0,0,0,0,0,0,0,0.2,0.2,0.0,0,0,0,0,0,0,0,0,0,0,0,0,0,0,0,0,0,0,0,0,0,0,0,0,0,0,0,0,0,0.2,0.0,0.0,0,0,0,0,0,0,0,0,0,0,0,0,0,0,0,0,0,0,0,0,0,0,0,0,0,0,0,0,0,28.92
25.0,0,0,0,0,0,0,0,0,0,0,0,0.0,0,0,0,0,0,0,0,0.2,0.2,0.0,0,0,0,0,0,0,0,0,0,0,0,0,0,0,0.2,0.2,0.0,0,0,0,0,0,0,0,0,0,0,0,0,0,0,0,0,0,0,0,0,0,0,0,0,0,0,0,0,0,0.2,0.0,0.0,0,0,0,0,0,0,0,0,0,0,0,0,0,0,0,0,0,0,0,0,0,0,0,0,0,0,0,0,0,37.86
25.0,0,0,0,0,0,0,0,0,0,0,0,0.0,0,0,0,0,0,0,0,0.2,0.2,0.0,0,0,0,0,0,0,0,0,0,0,0,0,0,0,0.2,0.2,0.0,0,0,0,0,0,0,0,0,0,0,0,0,0,0,0,0,0,0,0,0,0,0,0,0,0,0,0,0,0,0.2,0.0,0.0,0,0,0,0,0,0,0,0,0,0,0,0,0,0,0,0,0,0,0,0,0,0,0,0,0,0,0,0,0,29.43
25.0,0,0,0,0,0,0,0,0,0,0,0,0.0,0,0,0,0,0,0,0,0.2,0.2,0.0,0,0,0,0,0,0,0,0,0,0,0,0,0,0,0.2,0.2,0.0,0,0,0,0,0,0,0,0,0,0,0,0,0,0,0,0,0,0,0,0,0,0,0,0,0,0,0,0,0,0.2,0.0,0.0,0,0,0,0,0,0,0,0,0,0,0,0,0,0,0,0,0,0,0,0,0,0,0,0,0,0,0,0,0,32.83
25.0,0,0,0,0,0,0,0,0,0,0,0,0.0,0,0,0,0,0,0,0,0.2,0.0,0.2,0,0,0,0,0,0,0,0,0,0,0,0,0,0,0.2,0.2,0.1,0,0,0,0,0,0,0,0,0,0,0,0,0,0,0,0,0,0,0,0,0,0,0,0,0,0,0,0,0,0.0,0.1,0.0,0,0,0,0,0,0,0,0,0,0,0,0,0,0,0,0,0,0,0,0,0,0,0,0,0,0,0,0,0,3.63
1200.0,0,0,0,0,0,0,0,0,0,0,0,0.0,0,0,0,0,0,0,0,0.2,0.0,0.2,0,0,0,0,0,0,0,0,0,0,0,0,0,0,0.2,0.2,0.1,0,0,0,0,0,0,0,0,0,0,0,0,0,0,0,0,0,0,0,0,0,0,0,0,0,0,0,0,0,0.0,0.1,0.0,0,0,0,0,0,0,0,0,0,0,0,0,0,0,0,0,0,0,0,0,0,0,0,0,0,0,0,0,0,53.08
1000.0,0,0,0,0,0,0,0,0,0,0,0,0.0,0,0,0,0,0,0,0,0.2,0.0,0.2,0,0,0,0,0,0,0,0,0,0,0,0,0,0,0.2,0.2,0.1,0,0,0,0,0,0,0,0,0,0,0,0,0,0,0,0,0,0,0,0,0,0,0,0,0,0,0,0,0,0.0,0.1,0.0,0,0,0,0,0,0,0,0,0,0,0,0,0,0,0,0,0,0,0,0,0,0,0,0,0,0,0,0,0,43.7
800.0,0,0,0,0,0,0,0,0,0,0,0,0.0,0,0,0,0,0,0,0,0.2,0.0,0.2,0,0,0,0,0,0,0,0,0,0,0,0,0,0,0.2,0.2,0.1,0,0,0,0,0,0,0,0,0,0,0,0,0,0,0,0,0,0,0,0,0,0,0,0,0,0,0,0,0,0.0,0.1,0.0,0,0,0,0,0,0,0,0,0,0,0,0,0,0,0,0,0,0,0,0,0,0,0,0,0,0,0,0,0,3.45
25.0,0,0,0,0,0,0,0,0,0,0,0,0.0,0,0,0,0,0,0,0,0.2,0.2,0.2,0,0,0,0,0,0,0,0,0,0,0,0,0,0,0.2,0.2,0.0,0,0,0,0,0,0,0,0,0,0,0,0,0,0,0,0,0,0,0,0,0,0,0,0,0,0,0,0,0,0.0,0.0,0.0,0,0,0,0,0,0,0,0,0,0,0,0,0,0,0,0,0,0,0,0,0,0,0,0,0,0,0,0,0,1.35
1000.0,0,0,0,0,0,0,0,0,0,0,0,0.0,0,0,0,0,0,0,0,0.2,0.2,0.2,0,0,0,0,0,0,0,0,0,0,0,0,0,0,0.2,0.2,0.0,0,0,0,0,0,0,0,0,0,0,0,0,0,0,0,0,0,0,0,0,0,0,0,0,0,0,0,0,0,0.0,0.0,0.0,0,0,0,0,0,0,0,0,0,0,0,0,0,0,0,0,0,0,0,0,0,0,0,0,0,0,0,0,0,44.43
800.0,0,0,0,0,0,0,0,0,0,0,0,0.0,0,0,0,0,0,0,0,0.2,0.2,0.2,0,0,0,0,0,0,0,0,0,0,0,0,0,0,0.2,0.2,0.0,0,0,0,0,0,0,0,0,0,0,0,0,0,0,0,0,0,0,0,0,0,0,0,0,0,0,0,0,0,0.0,0.0,0.0,0,0,0,0,0,0,0,0,0,0,0,0,0,0,0,0,0,0,0,0,0,0,0,0,0,0,0,0,0,43.45
25.0,0,0,0,0,0,0,0,0,0,0,0,0.0,0,0,0,0,0,0,0,0.25,0.0,0.25,0,0,0,0,0,0,0,0,0,0,0,0,0,0,0.25,0.25,0.0,0,0,0,0,0,0,0,0,0,0,0,0,0,0,0,0,0,0,0,0,0,0,0,0,0,0,0,0,0,0.0,0.0,0.0,0,0,0,0,0,0,0,0,0,0,0,0,0,0,0,0,0,0,0,0,0,0,0,0,0,0,0,0,0,4.61
1000.0,0,0,0,0,0,0,0,0,0,0,0,0.0,0,0,0,0,0,0,0,0.25,0.0,0.25,0,0,0,0,0,0,0,0,0,0,0,0,0,0,0.25,0.25,0.0,0,0,0,0,0,0,0,0,0,0,0,0,0,0,0,0,0,0,0,0,0,0,0,0,0,0,0,0,0,0.0,0.0,0.0,0,0,0,0,0,0,0,0,0,0,0,0,0,0,0,0,0,0,0,0,0,0,0,0,0,0,0,0,0,46.46
800.0,0,0,0,0,0,0,0,0,0,0,0,0.0,0,0,0,0,0,0,0,0.25,0.0,0.25,0,0,0,0,0,0,0,0,0,0,0,0,0,0,0.25,0.25,0.0,0,0,0,0,0,0,0,0,0,0,0,0,0,0,0,0,0,0,0,0,0,0,0,0,0,0,0,0,0,0.0,0.0,0.0,0,0,0,0,0,0,0,0,0,0,0,0,0,0,0,0,0,0,0,0,0,0,0,0,0,0,0,0,0,47.06
600.0,0,0,0,0,0,0,0,0,0,0,0,0.0,0,0,0,0,0,0,0,0.25,0.0,0.25,0,0,0,0,0,0,0,0,0,0,0,0,0,0,0.25,0.25,0.0,0,0,0,0,0,0,0,0,0,0,0,0,0,0,0,0,0,0,0,0,0,0,0,0,0,0,0,0,0,0.0,0.0,0.0,0,0,0,0,0,0,0,0,0,0,0,0,0,0,0,0,0,0,0,0,0,0,0,0,0,0,0,0,0,43.23
25.0,0,0,0,0,0,0,0,0,0,0,0,0.0,0,0,0,0,0,0,0,0.2,0.4,0.0,0,0,0,0,0,0,0,0,0,0,0,0,0,0,0.2,0.2,0.0,0,0,0,0,0,0,0,0,0,0,0,0,0,0,0,0,0,0,0,0,0,0,0,0,0,0,0,0,0,0.0,0.0,0.0,0,0,0,0,0,0,0,0,0,0,0,0,0,0,0,0,0,0,0,0,0,0,0,0,0,0,0,0,0,43.64
1000.0,0,0,0,0,0,0,0,0,0,0,0,0.0,0,0,0,0,0,0,0,0.2,0.4,0.0,0,0,0,0,0,0,0,0,0,0,0,0,0,0,0.2,0.2,0.0,0,0,0,0,0,0,0,0,0,0,0,0,0,0,0,0,0,0,0,0,0,0,0,0,0,0,0,0,0,0.0,0.0,0.0,0,0,0,0,0,0,0,0,0,0,0,0,0,0,0,0,0,0,0,0,0,0,0,0,0,0,0,0,0,47.18
800.0,0,0,0,0,0,0,0,0,0,0,0,0.0,0,0,0,0,0,0,0,0.2,0.4,0.0,0,0,0,0,0,0,0,0,0,0,0,0,0,0,0.2,0.2,0.0,0,0,0,0,0,0,0,0,0,0,0,0,0,0,0,0,0,0,0,0,0,0,0,0,0,0,0,0,0,0.0,0.0,0.0,0,0,0,0,0,0,0,0,0,0,0,0,0,0,0,0,0,0,0,0,0,0,0,0,0,0,0,0,0,46.79
600.0,0,0,0,0,0,0,0,0,0,0,0,0.0,0,0,0,0,0,0,0,0.2,0.4,0.0,0,0,0,0,0,0,0,0,0,0,0,0,0,0,0.2,0.2,0.0,0,0,0,0,0,0,0,0,0,0,0,0,0,0,0,0,0,0,0,0,0,0,0,0,0,0,0,0,0,0.0,0.0,0.0,0,0,0,0,0,0,0,0,0,0,0,0,0,0,0,0,0,0,0,0,0,0,0,0,0,0,0,0,0,43.22
25.0,0,0,0,0,0,0,0,0,0,0,0,0.0,0,0,0,0,0,0,0,0.25,0.25,0.0,0,0,0,0,0,0,0,0,0,0,0,0,0,0,0.25,0.25,0.0,0,0,0,0,0,0,0,0,0,0,0,0,0,0,0,0,0,0,0,0,0,0,0,0,0,0,0,0,0,0.0,0.0,0.0,0,0,0,0,0,0,0,0,0,0,0,0,0,0,0,0,0,0,0,0,0,0,0,0,0,0,0,0,0,46.03
1000.0,0,0,0,0,0,0,0,0,0,0,0,0.0,0,0,0,0,0,0,0,0.25,0.25,0.0,0,0,0,0,0,0,0,0,0,0,0,0,0,0,0.25,0.25,0.0,0,0,0,0,0,0,0,0,0,0,0,0,0,0,0,0,0,0,0,0,0,0,0,0,0,0,0,0,0,0.0,0.0,0.0,0,0,0,0,0,0,0,0,0,0,0,0,0,0,0,0,0,0,0,0,0,0,0,0,0,0,0,0,0,46.74
800.0,0,0,0,0,0,0,0,0,0,0,0,0.0,0,0,0,0,0,0,0,0.25,0.25,0.0,0,0,0,0,0,0,0,0,0,0,0,0,0,0,0.25,0.25,0.0,0,0,0,0,0,0,0,0,0,0,0,0,0,0,0,0,0,0,0,0,0,0,0,0,0,0,0,0,0,0.0,0.0,0.0,0,0,0,0,0,0,0,0,0,0,0,0,0,0,0,0,0,0,0,0,0,0,0,0,0,0,0,0,0,48.33
600.0,0,0,0,0,0,0,0,0,0,0,0,0.0,0,0,0,0,0,0,0,0.25,0.25,0.0,0,0,0,0,0,0,0,0,0,0,0,0,0,0,0.25,0.25,0.0,0,0,0,0,0,0,0,0,0,0,0,0,0,0,0,0,0,0,0,0,0,0,0,0,0,0,0,0,0,0.0,0.0,0.0,0,0,0,0,0,0,0,0,0,0,0,0,0,0,0,0,0,0,0,0,0,0,0,0,0,0,0,0,0,41.48
25.0,0,0,0,0,0,0,0,0,0,0,0,0.0,0,0,0,0,0,0,0,0.177644711,0.0,0.0,0,0,0,0,0,0,0,0,0,0,0,0,0,0,0.127744511,0.30738523,0.0,0,0,0,0,0,0,0,0,0,0,0,0,0,0,0,0,0,0,0,0,0,0,0,0,0,0,0,0,0,0.079840319,0.30738523,0.0,0,0,0,0,0,0,0,0,0,0,0,0,0,0,0,0,0,0,0,0,0,0,0,0,0,0,0,0,0,4.95
300.0,0,0,0,0,0,0,0,0,0,0,0,0.0,0,0,0,0,0,0,0,0.177644711,0.0,0.0,0,0,0,0,0,0,0,0,0,0,0,0,0,0,0.127744511,0.30738523,0.0,0,0,0,0,0,0,0,0,0,0,0,0,0,0,0,0,0,0,0,0,0,0,0,0,0,0,0,0,0,0.079840319,0.30738523,0.0,0,0,0,0,0,0,0,0,0,0,0,0,0,0,0,0,0,0,0,0,0,0,0,0,0,0,0,0,0,6.11
200.0,0,0,0,0,0,0,0,0,0,0,0,0.0,0,0,0,0,0,0,0,0.177644711,0.0,0.0,0,0,0,0,0,0,0,0,0,0,0,0,0,0,0.127744511,0.30738523,0.0,0,0,0,0,0,0,0,0,0,0,0,0,0,0,0,0,0,0,0,0,0,0,0,0,0,0,0,0,0,0.079840319,0.30738523,0.0,0,0,0,0,0,0,0,0,0,0,0,0,0,0,0,0,0,0,0,0,0,0,0,0,0,0,0,0,0,7.16
100.0,0,0,0,0,0,0,0,0,0,0,0,0.0,0,0,0,0,0,0,0,0.177644711,0.0,0.0,0,0,0,0,0,0,0,0,0,0,0,0,0,0,0.127744511,0.30738523,0.0,0,0,0,0,0,0,0,0,0,0,0,0,0,0,0,0,0,0,0,0,0,0,0,0,0,0,0,0,0,0.079840319,0.30738523,0.0,0,0,0,0,0,0,0,0,0,0,0,0,0,0,0,0,0,0,0,0,0,0,0,0,0,0,0,0,0,6.86
25.0,0,0,0,0,0,0,0,0,0,0,0,0.0,0,0,0,0,0,0,0,0.25,0.0,0.0,0,0,0,0,0,0,0,0,0,0,0,0,0,0,0.25,0.25,0.125,0,0,0,0,0,0,0,0,0,0,0,0,0,0,0,0,0,0,0,0,0,0,0,0,0,0,0,0,0,0.125,0.0,0.0,0,0,0,0,0,0,0,0,0,0,0,0,0,0,0,0,0,0,0,0,0,0,0,0,0,0,0,0,0,18.47
25.0,0,0,0,0,0,0,0,0,0,0,0,0.0,0,0,0,0,0,0,0,0.375,0.0,0.0,0,0,0,0,0,0,0,0,0,0,0,0,0,0,0.25,0.125,0.0,0,0,0,0,0,0,0,0,0,0,0,0,0,0,0,0,0,0,0,0,0,0,0,0,0,0,0,0,0,0.125,0.125,0.0,0,0,0,0,0,0,0,0,0,0,0,0,0,0,0,0,0,0,0,0,0,0,0,0,0,0,0,0,0,17.37
-103.0,0,0,0,0,0,0,0,0,0,0,0,0.0,0,0,0,0,0,0,0,0.3,0.0,0.0,0,0,0,0,0,0,0,0,0,0,0,0,0,0,0.25,0.2,0.0,0,0,0,0,0,0,0,0,0,0,0,0,0,0,0,0,0,0,0,0,0,0,0,0,0,0,0,0,0,0.15,0.1,0.0,0,0,0,0,0,0,0,0,0,0,0,0,0,0,0,0,0,0,0,0,0,0,0,0,0,0,0,0,0,19.19
-196.0,0,0,0,0,0,0,0,0,0,0,0,0.0,0,0,0,0,0,0,0,0.3,0.0,0.0,0,0,0,0,0,0,0,0,0,0,0,0,0,0,0.25,0.2,0.0,0,0,0,0,0,0,0,0,0,0,0,0,0,0,0,0,0,0,0,0,0,0,0,0,0,0,0,0,0,0.15,0.1,0.0,0,0,0,0,0,0,0,0,0,0,0,0,0,0,0,0,0,0,0,0,0,0,0,0,0,0,0,0,0,9.86
-196.0,0,0,0,0,0,0,0,0,0,0,0,0.0,0,0,0,0,0,0,0,0.3,0.0,0.0,0,0,0,0,0,0,0,0,0,0,0,0,0,0,0.25,0.2,0.0,0,0,0,0,0,0,0,0,0,0,0,0,0,0,0,0,0,0,0,0,0,0,0,0,0,0,0,0,0,0.15,0.1,0.0,0,0,0,0,0,0,0,0,0,0,0,0,0,0,0,0,0,0,0,0,0,0,0,0,0,0,0,0,0,19.76
-268.8,0,0,0,0,0,0,0,0,0,0,0,0.0,0,0,0,0,0,0,0,0.3,0.0,0.0,0,0,0,0,0,0,0,0,0,0,0,0,0,0,0.25,0.2,0.0,0,0,0,0,0,0,0,0,0,0,0,0,0,0,0,0,0,0,0,0,0,0,0,0,0,0,0,0,0,0.15,0.1,0.0,0,0,0,0,0,0,0,0,0,0,0,0,0,0,0,0,0,0,0,0,0,0,0,0,0,0,0,0,0,1.49
-268.8,0,0,0,0,0,0,0,0,0,0,0,0.0,0,0,0,0,0,0,0,0.3,0.0,0.0,0,0,0,0,0,0,0,0,0,0,0,0,0,0,0.25,0.2,0.0,0,0,0,0,0,0,0,0,0,0,0,0,0,0,0,0,0,0,0,0,0,0,0,0,0,0,0,0,0,0.15,0.1,0.0,0,0,0,0,0,0,0,0,0,0,0,0,0,0,0,0,0,0,0,0,0,0,0,0,0,0,0,0,0,0.36
-268.8,0,0,0,0,0,0,0,0,0,0,0,0.0,0,0,0,0,0,0,0,0.3,0.0,0.0,0,0,0,0,0,0,0,0,0,0,0,0,0,0,0.25,0.2,0.0,0,0,0,0,0,0,0,0,0,0,0,0,0,0,0,0,0,0,0,0,0,0,0,0,0,0,0,0,0,0.15,0.1,0.0,0,0,0,0,0,0,0,0,0,0,0,0,0,0,0,0,0,0,0,0,0,0,0,0,0,0,0,0,0,0.56
25.0,0,0,0,0,0,0,0,0,0,0,0,0.0,0,0,0,0,0,0,0,0.166666667,0.0,0.0,0,0,0,0,0,0,0,0,0,0,0,0,0,0,0.166666667,0.166666667,0.166666667,0,0,0,0,0,0,0,0,0,0,0,0,0,0,0,0,0,0,0,0,0,0,0,0,0,0,0,0,0,0.166666667,0.166666667,0.0,0,0,0,0,0,0,0,0,0,0,0,0,0,0,0,0,0,0,0,0,0,0,0,0,0,0,0,0,0,10.64
25.0,0,0,0,0,0,0,0,0,0,0,0,0.0,0,0,0,0,0,0,0,0.166666667,0.0,0.0,0,0,0,0,0,0,0,0,0,0,0,0,0,0,0.166666667,0.166666667,0.166666667,0,0,0,0,0,0,0,0,0,0,0,0,0,0,0,0,0,0,0,0,0,0,0,0,0,0,0,0,0,0.166666667,0.166666667,0.0,0,0,0,0,0,0,0,0,0,0,0,0,0,0,0,0,0,0,0,0,0,0,0,0,0,0,0,0,0,10.66
800.0,0,0,0,0,0,0,0,0,0,0,0,0.0,0,0,0,0,0,0,0,0.166666667,0.0,0.0,0,0,0,0,0,0,0,0,0,0,0,0,0,0,0.166666667,0.166666667,0.166666667,0,0,0,0,0,0,0,0,0,0,0,0,0,0,0,0,0,0,0,0,0,0,0,0,0,0,0,0,0,0.166666667,0.166666667,0.0,0,0,0,0,0,0,0,0,0,0,0,0,0,0,0,0,0,0,0,0,0,0,0,0,0,0,0,0,0,21.55
25.0,0,0,0,0,0,0,0,0,0,0,0,0.0,0,0,0,0,0,0,0,0.2,0.0,0.0,0,0,0,0,0,0,0,0,0,0,0,0,0,0,0.2,0.0,0.2,0,0,0,0,0,0,0,0,0,0,0,0,0,0,0,0,0,0,0,0,0,0,0,0,0,0,0,0,0,0.2,0.2,0.0,0,0,0,0,0,0,0,0,0,0,0,0,0,0,0,0,0,0,0,0,0,0,0,0,0,0,0,0,0,2.76
800.0,0,0,0,0,0,0,0,0,0,0,0,0.0,0,0,0,0,0,0,0,0.2,0.0,0.0,0,0,0,0,0,0,0,0,0,0,0,0,0,0,0.2,0.0,0.2,0,0,0,0,0,0,0,0,0,0,0,0,0,0,0,0,0,0,0,0,0,0,0,0,0,0,0,0,0,0.2,0.2,0.0,0,0,0,0,0,0,0,0,0,0,0,0,0,0,0,0,0,0,0,0,0,0,0,0,0,0,0,0,0,18.16
25.0,0,0,0,0,0,0,0,0,0,0,0,0.0,0,0,0,0,0,0,0,0.2,0.0,0.0,0,0,0,0,0,0,0,0,0,0,0,0,0,0,0.2,0.2,0.2,0,0,0,0,0,0,0,0,0,0,0,0,0,0,0,0,0,0,0,0,0,0,0,0,0,0,0,0,0,0.2,0.0,0.0,0,0,0,0,0,0,0,0,0,0,0,0,0,0,0,0,0,0,0,0,0,0,0,0,0,0,0,0,0,4.05
25.0,0,0,0,0,0,0,0,0,0,0,0,0.0,0,0,0,0,0,0,0,0.2,0.0,0.0,0,0,0,0,0,0,0,0,0,0,0,0,0,0,0.2,0.2,0.2,0,0,0,0,0,0,0,0,0,0,0,0,0,0,0,0,0,0,0,0,0,0,0,0,0,0,0,0,0,0.2,0.0,0.0,0,0,0,0,0,0,0,0,0,0,0,0,0,0,0,0,0,0,0,0,0,0,0,0,0,0,0,0,0,2.72
1200.0,0,0,0,0,0,0,0,0,0,0,0,0.0,0,0,0,0,0,0,0,0.2,0.0,0.0,0,0,0,0,0,0,0,0,0,0,0,0,0,0,0.2,0.2,0.2,0,0,0,0,0,0,0,0,0,0,0,0,0,0,0,0,0,0,0,0,0,0,0,0,0,0,0,0,0,0.2,0.0,0.0,0,0,0,0,0,0,0,0,0,0,0,0,0,0,0,0,0,0,0,0,0,0,0,0,0,0,0,0,0,65.25
1100.0,0,0,0,0,0,0,0,0,0,0,0,0.0,0,0,0,0,0,0,0,0.2,0.0,0.0,0,0,0,0,0,0,0,0,0,0,0,0,0,0,0.2,0.2,0.2,0,0,0,0,0,0,0,0,0,0,0,0,0,0,0,0,0,0,0,0,0,0,0,0,0,0,0,0,0,0.2,0.0,0.0,0,0,0,0,0,0,0,0,0,0,0,0,0,0,0,0,0,0,0,0,0,0,0,0,0,0,0,0,0,68.12
1000.0,0,0,0,0,0,0,0,0,0,0,0,0.0,0,0,0,0,0,0,0,0.2,0.0,0.0,0,0,0,0,0,0,0,0,0,0,0,0,0,0,0.2,0.2,0.2,0,0,0,0,0,0,0,0,0,0,0,0,0,0,0,0,0,0,0,0,0,0,0,0,0,0,0,0,0,0.2,0.0,0.0,0,0,0,0,0,0,0,0,0,0,0,0,0,0,0,0,0,0,0,0,0,0,0,0,0,0,0,0,0,67.57
900.0,0,0,0,0,0,0,0,0,0,0,0,0.0,0,0,0,0,0,0,0,0.2,0.0,0.0,0,0,0,0,0,0,0,0,0,0,0,0,0,0,0.2,0.2,0.2,0,0,0,0,0,0,0,0,0,0,0,0,0,0,0,0,0,0,0,0,0,0,0,0,0,0,0,0,0,0.2,0.0,0.0,0,0,0,0,0,0,0,0,0,0,0,0,0,0,0,0,0,0,0,0,0,0,0,0,0,0,0,0,0,67.22
800.0,0,0,0,0,0,0,0,0,0,0,0,0.0,0,0,0,0,0,0,0,0.2,0.0,0.0,0,0,0,0,0,0,0,0,0,0,0,0,0,0,0.2,0.2,0.2,0,0,0,0,0,0,0,0,0,0,0,0,0,0,0,0,0,0,0,0,0,0,0,0,0,0,0,0,0,0.2,0.0,0.0,0,0,0,0,0,0,0,0,0,0,0,0,0,0,0,0,0,0,0,0,0,0,0,0,0,0,0,0,0,64.55
25.0,0,0,0,0,0,0,0,0,0,0,0,0.0,0,0,0,0,0,0,0,0.2,0.0,0.0,0,0,0,0,0,0,0,0,0,0,0,0,0,0,0.2,0.2,0.0,0,0,0,0,0,0,0,0,0,0,0,0,0,0,0,0,0,0,0,0,0,0,0,0,0,0,0,0,0,0.2,0.2,0.0,0,0,0,0,0,0,0,0,0,0,0,0,0,0,0,0,0,0,0,0,0,0,0,0,0,0,0,0,0,0.09
25.0,0,0,0,0,0,0,0,0,0,0,0,0.0,0,0,0,0,0,0,0,0.2,0.0,0.0,0,0,0,0,0,0,0,0,0,0,0,0,0,0,0.2,0.2,0.0,0,0,0,0,0,0,0,0,0,0,0,0,0,0,0,0,0,0,0,0,0,0,0,0,0,0,0,0,0,0.2,0.2,0.0,0,0,0,0,0,0,0,0,0,0,0,0,0,0,0,0,0,0,0,0,0,0,0,0,0,0,0,0,0,3.81
25.0,0,0,0,0,0,0,0,0,0,0,0,0.0,0,0,0,0,0,0,0,0.2,0.0,0.0,0,0,0,0,0,0,0,0,0,0,0,0,0,0,0.2,0.2,0.0,0,0,0,0,0,0,0,0,0,0,0,0,0,0,0,0,0,0,0,0,0,0,0,0,0,0,0,0,0,0.2,0.2,0.0,0,0,0,0,0,0,0,0,0,0,0,0,0,0,0,0,0,0,0,0,0,0,0,0,0,0,0,0,0,6.19
25.0,0,0,0,0,0,0,0,0,0,0,0,0.0,0,0,0,0,0,0,0,0.2,0.0,0.0,0,0,0,0,0,0,0,0,0,0,0,0,0,0,0.2,0.2,0.0,0,0,0,0,0,0,0,0,0,0,0,0,0,0,0,0,0,0,0,0,0,0,0,0,0,0,0,0,0,0.2,0.2,0.0,0,0,0,0,0,0,0,0,0,0,0,0,0,0,0,0,0,0,0,0,0,0,0,0,0,0,0,0,0,7.92
25.0,0,0,0,0,0,0,0,0,0,0,0,0.0,0,0,0,0,0,0,0,0.2,0.0,0.0,0,0,0,0,0,0,0,0,0,0,0,0,0,0,0.2,0.2,0.0,0,0,0,0,0,0,0,0,0,0,0,0,0,0,0,0,0,0,0,0,0,0,0,0,0,0,0,0,0,0.2,0.2,0.0,0,0,0,0,0,0,0,0,0,0,0,0,0,0,0,0,0,0,0,0,0,0,0,0,0,0,0,0,0,0.23
25.0,0,0,0,0,0,0,0,0,0,0,0,0.0,0,0,0,0,0,0,0,0.2,0.0,0.0,0,0,0,0,0,0,0,0,0,0,0,0,0,0,0.2,0.2,0.0,0,0,0,0,0,0,0,0,0,0,0,0,0,0,0,0,0,0,0,0,0,0,0,0,0,0,0,0,0,0.2,0.2,0.0,0,0,0,0,0,0,0,0,0,0,0,0,0,0,0,0,0,0,0,0,0,0,0,0,0,0,0,0,0,1.89
25.0,0,0,0,0,0,0,0,0,0,0,0,0.0,0,0,0,0,0,0,0,0.2,0.0,0.0,0,0,0,0,0,0,0,0,0,0,0,0,0,0,0.2,0.2,0.0,0,0,0,0,0,0,0,0,0,0,0,0,0,0,0,0,0,0,0,0,0,0,0,0,0,0,0,0,0,0.2,0.2,0.0,0,0,0,0,0,0,0,0,0,0,0,0,0,0,0,0,0,0,0,0,0,0,0,0,0,0,0,0,0,9.1
25.0,0,0,0,0,0,0,0,0,0,0,0,0.0,0,0,0,0,0,0,0,0.2,0.0,0.0,0,0,0,0,0,0,0,0,0,0,0,0,0,0,0.2,0.2,0.0,0,0,0,0,0,0,0,0,0,0,0,0,0,0,0,0,0,0,0,0,0,0,0,0,0,0,0,0,0,0.2,0.2,0.0,0,0,0,0,0,0,0,0,0,0,0,0,0,0,0,0,0,0,0,0,0,0,0,0,0,0,0,0,0,10.68
25.0,0,0,0,0,0,0,0,0,0,0,0,0.0,0,0,0,0,0,0,0,0.2,0.0,0.0,0,0,0,0,0,0,0,0,0,0,0,0,0,0,0.2,0.2,0.0,0,0,0,0,0,0,0,0,0,0,0,0,0,0,0,0,0,0,0,0,0,0,0,0,0,0,0,0,0,0.2,0.2,0.0,0,0,0,0,0,0,0,0,0,0,0,0,0,0,0,0,0,0,0,0,0,0,0,0,0,0,0,0,0,8.74
25.0,0,0,0,0,0,0,0,0,0,0,0,0.0,0,0,0,0,0,0,0,0.2,0.0,0.0,0,0,0,0,0,0,0,0,0,0,0,0,0,0,0.2,0.2,0.0,0,0,0,0,0,0,0,0,0,0,0,0,0,0,0,0,0,0,0,0,0,0,0,0,0,0,0,0,0,0.2,0.2,0.0,0,0,0,0,0,0,0,0,0,0,0,0,0,0,0,0,0,0,0,0,0,0,0,0,0,0,0,0,0,6.69
25.0,0,0,0,0,0,0,0,0,0,0,0,0.0,0,0,0,0,0,0,0,0.2,0.0,0.0,0,0,0,0,0,0,0,0,0,0,0,0,0,0,0.2,0.2,0.0,0,0,0,0,0,0,0,0,0,0,0,0,0,0,0,0,0,0,0,0,0,0,0,0,0,0,0,0,0,0.2,0.2,0.0,0,0,0,0,0,0,0,0,0,0,0,0,0,0,0,0,0,0,0,0,0,0,0,0,0,0,0,0,0,15.47
25.0,0,0,0,0,0,0,0,0,0,0,0,0.0,0,0,0,0,0,0,0,0.2,0.0,0.0,0,0,0,0,0,0,0,0,0,0,0,0,0,0,0.2,0.2,0.0,0,0,0,0,0,0,0,0,0,0,0,0,0,0,0,0,0,0,0,0,0,0,0,0,0,0,0,0,0,0.2,0.2,0.0,0,0,0,0,0,0,0,0,0,0,0,0,0,0,0,0,0,0,0,0,0,0,0,0,0,0,0,0,0,35.61
25.0,0,0,0,0,0,0,0,0,0,0,0,0.0,0,0,0,0,0,0,0,0.2,0.0,0.0,0,0,0,0,0,0,0,0,0,0,0,0,0,0,0.2,0.2,0.0,0,0,0,0,0,0,0,0,0,0,0,0,0,0,0,0,0,0,0,0,0,0,0,0,0,0,0,0,0,0.2,0.2,0.0,0,0,0,0,0,0,0,0,0,0,0,0,0,0,0,0,0,0,0,0,0,0,0,0,0,0,0,0,0,7.46
25.0,0,0,0,0,0,0,0,0,0,0,0,0.0,0,0,0,0,0,0,0,0.2,0.0,0.0,0,0,0,0,0,0,0,0,0,0,0,0,0,0,0.2,0.2,0.0,0,0,0,0,0,0,0,0,0,0,0,0,0,0,0,0,0,0,0,0,0,0,0,0,0,0,0,0,0,0.2,0.2,0.0,0,0,0,0,0,0,0,0,0,0,0,0,0,0,0,0,0,0,0,0,0,0,0,0,0,0,0,0,0,9.29
25.0,0,0,0,0,0,0,0,0,0,0,0,0.0,0,0,0,0,0,0,0,0.2,0.0,0.0,0,0,0,0,0,0,0,0,0,0,0,0,0,0,0.2,0.2,0.0,0,0,0,0,0,0,0,0,0,0,0,0,0,0,0,0,0,0,0,0,0,0,0,0,0,0,0,0,0,0.2,0.2,0.0,0,0,0,0,0,0,0,0,0,0,0,0,0,0,0,0,0,0,0,0,0,0,0,0,0,0,0,0,0,5.66
25.0,0,0,0,0,0,0,0,0,0,0,0,0.0,0,0,0,0,0,0,0,0.2,0.0,0.0,0,0,0,0,0,0,0,0,0,0,0,0,0,0,0.2,0.2,0.0,0,0,0,0,0,0,0,0,0,0,0,0,0,0,0,0,0,0,0,0,0,0,0,0,0,0,0,0,0,0.2,0.2,0.0,0,0,0,0,0,0,0,0,0,0,0,0,0,0,0,0,0,0,0,0,0,0,0,0,0,0,0,0,0,9.17
1200.0,0,0,0,0,0,0,0,0,0,0,0,0.0,0,0,0,0,0,0,0,0.2,0.0,0.0,0,0,0,0,0,0,0,0,0,0,0,0,0,0,0.2,0.2,0.0,0,0,0,0,0,0,0,0,0,0,0,0,0,0,0,0,0,0,0,0,0,0,0,0,0,0,0,0,0,0.2,0.2,0.0,0,0,0,0,0,0,0,0,0,0,0,0,0,0,0,0,0,0,0,0,0,0,0,0,0,0,0,0,0,48.51
1000.0,0,0,0,0,0,0,0,0,0,0,0,0.0,0,0,0,0,0,0,0,0.2,0.0,0.0,0,0,0,0,0,0,0,0,0,0,0,0,0,0,0.2,0.2,0.0,0,0,0,0,0,0,0,0,0,0,0,0,0,0,0,0,0,0,0,0,0,0,0,0,0,0,0,0,0,0.2,0.2,0.0,0,0,0,0,0,0,0,0,0,0,0,0,0,0,0,0,0,0,0,0,0,0,0,0,0,0,0,0,0,46.79
800.0,0,0,0,0,0,0,0,0,0,0,0,0.0,0,0,0,0,0,0,0,0.2,0.0,0.0,0,0,0,0,0,0,0,0,0,0,0,0,0,0,0.2,0.2,0.0,0,0,0,0,0,0,0,0,0,0,0,0,0,0,0,0,0,0,0,0,0,0,0,0,0,0,0,0,0,0.2,0.2,0.0,0,0,0,0,0,0,0,0,0,0,0,0,0,0,0,0,0,0,0,0,0,0,0,0,0,0,0,0,0,32.92
800.0,0,0,0,0,0,0,0,0,0,0,0,0.0,0,0,0,0,0,0,0,0.2,0.0,0.0,0,0,0,0,0,0,0,0,0,0,0,0,0,0,0.2,0.2,0.0,0,0,0,0,0,0,0,0,0,0,0,0,0,0,0,0,0,0,0,0,0,0,0,0,0,0,0,0,0,0.2,0.2,0.0,0,0,0,0,0,0,0,0,0,0,0,0,0,0,0,0,0,0,0,0,0,0,0,0,0,0,0,0,0,32.9
800.0,0,0,0,0,0,0,0,0,0,0,0,0.0,0,0,0,0,0,0,0,0.2,0.0,0.0,0,0,0,0,0,0,0,0,0,0,0,0,0,0,0.2,0.2,0.0,0,0,0,0,0,0,0,0,0,0,0,0,0,0,0,0,0,0,0,0,0,0,0,0,0,0,0,0,0,0.2,0.2,0.0,0,0,0,0,0,0,0,0,0,0,0,0,0,0,0,0,0,0,0,0,0,0,0,0,0,0,0,0,0,38.08
800.0,0,0,0,0,0,0,0,0,0,0,0,0.0,0,0,0,0,0,0,0,0.2,0.0,0.0,0,0,0,0,0,0,0,0,0,0,0,0,0,0,0.2,0.2,0.0,0,0,0,0,0,0,0,0,0,0,0,0,0,0,0,0,0,0,0,0,0,0,0,0,0,0,0,0,0,0.2,0.2,0.0,0,0,0,0,0,0,0,0,0,0,0,0,0,0,0,0,0,0,0,0,0,0,0,0,0,0,0,0,0,35.66
800.0,0,0,0,0,0,0,0,0,0,0,0,0.0,0,0,0,0,0,0,0,0.2,0.0,0.0,0,0,0,0,0,0,0,0,0,0,0,0,0,0,0.2,0.2,0.0,0,0,0,0,0,0,0,0,0,0,0,0,0,0,0,0,0,0,0,0,0,0,0,0,0,0,0,0,0,0.2,0.2,0.0,0,0,0,0,0,0,0,0,0,0,0,0,0,0,0,0,0,0,0,0,0,0,0,0,0,0,0,0,0,28.52
600.0,0,0,0,0,0,0,0,0,0,0,0,0.0,0,0,0,0,0,0,0,0.2,0.0,0.0,0,0,0,0,0,0,0,0,0,0,0,0,0,0,0.2,0.2,0.0,0,0,0,0,0,0,0,0,0,0,0,0,0,0,0,0,0,0,0,0,0,0,0,0,0,0,0,0,0,0.2,0.2,0.0,0,0,0,0,0,0,0,0,0,0,0,0,0,0,0,0,0,0,0,0,0,0,0,0,0,0,0,0,0,38.51
25.0,0,0,0,0,0,0,0,0,0,0,0,0.0,0,0,0,0,0,0,0,0.2,0.0,0.0,0,0,0,0,0,0,0,0,0,0,0,0,0,0,0.2,0.2,0.0,0,0,0,0,0,0,0,0,0,0,0,0,0,0,0,0,0,0,0,0,0,0,0,0,0,0,0,0,0,0.2,0.2,0.0,0,0,0,0,0,0,0,0,0,0,0,0,0,0,0,0,0,0,0,0,0,0,0,0,0,0,0,0,0,33.25
25.0,0,0,0,0,0,0,0,0,0,0,0,0.0,0,0,0,0,0,0,0,0.0,0.0,0.0,0,0,0,0,0,0,0,0,0,0,0,0,0,0,0.25,0.25,0.0,0,0,0,0,0,0,0,0,0,0,0,0,0,0,0,0,0,0,0,0,0,0,0,0,0,0,0,0,0,0.25,0.25,0.0,0,0,0,0,0,0,0,0,0,0,0,0,0,0,0,0,0,0,0,0,0,0,0,0,0,0,0,0,0,2.66
25.0,0,0,0,0,0,0,0,0,0,0,0,0.0,0,0,0,0,0,0,0,0.0,0.0,0.0,0,0,0,0,0,0,0,0,0,0,0,0,0,0,0.25,0.25,0.0,0,0,0,0,0,0,0,0,0,0,0,0,0,0,0,0,0,0,0,0,0,0,0,0,0,0,0,0,0,0.25,0.25,0.0,0,0,0,0,0,0,0,0,0,0,0,0,0,0,0,0,0,0,0,0,0,0,0,0,0,0,0,0,0,8.46
25.0,0,0,0,0,0,0,0,0,0,0,0,0.0,0,0,0,0,0,0,0,0.0,0.0,0.0,0,0,0,0,0,0,0,0,0,0,0,0,0,0,0.25,0.25,0.0,0,0,0,0,0,0,0,0,0,0,0,0,0,0,0,0,0,0,0,0,0,0,0,0,0,0,0,0,0,0.25,0.25,0.0,0,0,0,0,0,0,0,0,0,0,0,0,0,0,0,0,0,0,0,0,0,0,0,0,0,0,0,0,0,3.56
25.0,0,0,0,0,0,0,0,0,0,0,0,0.0,0,0,0,0,0,0,0,0.0,0.0,0.0,0,0,0,0,0,0,0,0,0,0,0,0,0,0,0.25,0.25,0.0,0,0,0,0,0,0,0,0,0,0,0,0,0,0,0,0,0,0,0,0,0,0,0,0,0,0,0,0,0,0.25,0.25,0.0,0,0,0,0,0,0,0,0,0,0,0,0,0,0,0,0,0,0,0,0,0,0,0,0,0,0,0,0,0,5.38
25.0,0,0,0,0,0,0,0,0,0,0,0,0.0,0,0,0,0,0,0,0,0.0,0.0,0.0,0,0,0,0,0,0,0,0,0,0,0,0,0,0,0.25,0.25,0.0,0,0,0,0,0,0,0,0,0,0,0,0,0,0,0,0,0,0,0,0,0,0,0,0,0,0,0,0,0,0.25,0.25,0.0,0,0,0,0,0,0,0,0,0,0,0,0,0,0,0,0,0,0,0,0,0,0,0,0,0,0,0,0,0,29.62
25.0,0,0,0,0,0,0,0,0,0,0,0,0.0,0,0,0,0,0,0,0,0.25,0.0,0.0,0,0,0,0,0,0,0,0,0,0,0,0,0,0,0.25,0.25,0.0,0,0,0,0,0,0,0,0,0,0,0,0,0,0,0,0,0,0,0,0,0,0,0,0,0,0,0,0,0,0.25,0.0,0.0,0,0,0,0,0,0,0,0,0,0,0,0,0,0,0,0,0,0,0,0,0,0,0,0,0,0,0,0,0,17.29
25.0,0,0,0,0,0,0,0,0,0,0,0,0.0,0,0,0,0,0,0,0,0.294117647,0.0,0.0,0,0,0,0,0,0,0,0,0,0,0,0,0,0,0.294117647,0.0,0.0,0,0,0,0,0,0,0,0,0,0,0,0,0,0,0,0,0,0,0,0,0,0,0,0,0,0,0,0,0,0.294117647,0.117647059,0.0,0,0,0,0,0,0,0,0,0,0,0,0,0,0,0,0,0,0,0,0,0,0,0,0,0,0,0,0,0,28.53
25.0,0,0,0,0,0,0,0,0,0,0,0,0.0,0,0,0,0,0,0,0,0.285714286,0.0,0.0,0,0,0,0,0,0,0,0,0,0,0,0,0,0,0.285714286,0.0,0.0,0,0,0,0,0,0,0,0,0,0,0,0,0,0,0,0,0,0,0,0,0,0,0,0,0,0,0,0,0,0.285714286,0.142857143,0.0,0,0,0,0,0,0,0,0,0,0,0,0,0,0,0,0,0,0,0,0,0,0,0,0,0,0,0,0,0,27.31
25.0,0,0,0,0,0,0,0,0,0,0,0,0.0,0,0,0,0,0,0,0,0.277777778,0.0,0.0,0,0,0,0,0,0,0,0,0,0,0,0,0,0,0.277777778,0.0,0.0,0,0,0,0,0,0,0,0,0,0,0,0,0,0,0,0,0,0,0,0,0,0,0,0,0,0,0,0,0,0.277777778,0.166666667,0.0,0,0,0,0,0,0,0,0,0,0,0,0,0,0,0,0,0,0,0,0,0,0,0,0,0,0,0,0,0,20.02
25.0,0,0,0,0,0,0,0,0,0,0,0,0.0,0,0,0,0,0,0,0,0.25,0.0,0.0,0,0,0,0,0,0,0,0,0,0,0,0,0,0,0.25,0.0,0.0,0,0,0,0,0,0,0,0,0,0,0,0,0,0,0,0,0,0,0,0,0,0,0,0,0,0,0,0,0,0.25,0.25,0.0,0,0,0,0,0,0,0,0,0,0,0,0,0,0,0,0,0,0,0,0,0,0,0,0,0,0,0,0,0,2.24
25.0,0,0,0,0,0,0,0,0,0,0,0,0.0,0,0,0,0,0,0,0,0.294117647,0.088235294,0.0,0,0,0,0,0,0,0,0,0,0,0,0,0,0,0.294117647,0.294117647,0.029411765,0,0,0,0,0,0,0,0,0,0,0,0,0,0,0,0,0,0,0,0,0,0,0,0,0,0,0,0,0,0.0,0.0,0.0,0,0,0,0,0,0,0,0,0,0,0,0,0,0,0,0,0,0,0,0,0,0,0,0,0,0,0,0,0,43.8
25.0,0,0,0,0,0,0,0,0,0,0,0,0.0,0,0,0,0,0,0,0,0.277777778,0.083333333,0.0,0,0,0,0,0,0,0,0,0,0,0,0,0,0,0.277777778,0.277777778,0.083333333,0,0,0,0,0,0,0,0,0,0,0,0,0,0,0,0,0,0,0,0,0,0,0,0,0,0,0,0,0,0.0,0.0,0.0,0,0,0,0,0,0,0,0,0,0,0,0,0,0,0,0,0,0,0,0,0,0,0,0,0,0,0,0,0,49.34
25.0,0,0,0,0,0,0,0,0,0,0,0,0.0,0,0,0,0,0,0,0,0.23255814,0.23255814,0.0,0,0,0,0,0,0,0,0,0,0,0,0,0,0,0.23255814,0.23255814,0.069767442,0,0,0,0,0,0,0,0,0,0,0,0,0,0,0,0,0,0,0,0,0,0,0,0,0,0,0,0,0,0.0,0.0,0.0,0,0,0,0,0,0,0,0,0,0,0,0,0,0,0,0,0,0,0,0,0,0,0,0,0,0,0,0,0,3.71
25.0,0,0,0,0,0,0,0,0,0,0,0,0.0,0,0,0,0,0,0,0,0.263157895,0.078947368,0.0,0,0,0,0,0,0,0,0,0,0,0,0,0,0,0.263157895,0.263157895,0.131578947,0,0,0,0,0,0,0,0,0,0,0,0,0,0,0,0,0,0,0,0,0,0,0,0,0,0,0,0,0,0.0,0.0,0.0,0,0,0,0,0,0,0,0,0,0,0,0,0,0,0,0,0,0,0,0,0,0,0,0,0,0,0,0,0,42.78
25.0,0,0,0,0,0,0,0,0,0,0,0,0.0,0,0,0,0,0,0,0,0.222222222,0.222222222,0.0,0,0,0,0,0,0,0,0,0,0,0,0,0,0,0.222222222,0.222222222,0.111111111,0,0,0,0,0,0,0,0,0,0,0,0,0,0,0,0,0,0,0,0,0,0,0,0,0,0,0,0,0,0.0,0.0,0.0,0,0,0,0,0,0,0,0,0,0,0,0,0,0,0,0,0,0,0,0,0,0,0,0,0,0,0,0,0,34.62
25.0,0,0,0,0,0,0,0,0,0,0,0,0.0,0,0,0,0,0,0,0,0.25,0.075,0.0,0,0,0,0,0,0,0,0,0,0,0,0,0,0,0.25,0.25,0.175,0,0,0,0,0,0,0,0,0,0,0,0,0,0,0,0,0,0,0,0,0,0,0,0,0,0,0,0,0,0.0,0.0,0.0,0,0,0,0,0,0,0,0,0,0,0,0,0,0,0,0,0,0,0,0,0,0,0,0,0,0,0,0,0,25.84
25.0,0,0,0,0,0,0,0,0,0,0,0,0.0,0,0,0,0,0,0,0,0.212765957,0.212765957,0.0,0,0,0,0,0,0,0,0,0,0,0,0,0,0,0.212765957,0.212765957,0.14893617,0,0,0,0,0,0,0,0,0,0,0,0,0,0,0,0,0,0,0,0,0,0,0,0,0,0,0,0,0,0.0,0.0,0.0,0,0,0,0,0,0,0,0,0,0,0,0,0,0,0,0,0,0,0,0,0,0,0,0,0,0,0,0,0,30.3
25.0,0,0,0,0,0,0,0,0,0,0,0,0.0,0,0,0,0,0,0,0,0.217391304,0.065217391,0.0,0,0,0,0,0,0,0,0,0,0,0,0,0,0,0.217391304,0.217391304,0.282608696,0,0,0,0,0,0,0,0,0,0,0,0,0,0,0,0,0,0,0,0,0,0,0,0,0,0,0,0,0,0.0,0.0,0.0,0,0,0,0,0,0,0,0,0,0,0,0,0,0,0,0,0,0,0,0,0,0,0,0,0,0,0,0,0,19.57
25.0,0,0,0,0,0,0,0,0,0,0,0,0.0,0,0,0,0,0,0,0,0.188679245,0.188679245,0.0,0,0,0,0,0,0,0,0,0,0,0,0,0,0,0.188679245,0.188679245,0.245283019,0,0,0,0,0,0,0,0,0,0,0,0,0,0,0,0,0,0,0,0,0,0,0,0,0,0,0,0,0,0.0,0.0,0.0,0,0,0,0,0,0,0,0,0,0,0,0,0,0,0,0,0,0,0,0,0,0,0,0,0,0,0,0,0,31.28
25.0,0,0,0,0,0,0,0,0,0,0,0,0.0,0,0,0,0,0,0,0,0.208333333,0.0625,0.0,0,0,0,0,0,0,0,0,0,0,0,0,0,0,0.208333333,0.208333333,0.3125,0,0,0,0,0,0,0,0,0,0,0,0,0,0,0,0,0,0,0,0,0,0,0,0,0,0,0,0,0,0.0,0.0,0.0,0,0,0,0,0,0,0,0,0,0,0,0,0,0,0,0,0,0,0,0,0,0,0,0,0,0,0,0,0,8.03
25.0,0,0,0,0,0,0,0,0,0,0,0,0.0,0,0,0,0,0,0,0,0.181818182,0.181818182,0.0,0,0,0,0,0,0,0,0,0,0,0,0,0,0,0.181818182,0.181818182,0.272727273,0,0,0,0,0,0,0,0,0,0,0,0,0,0,0,0,0,0,0,0,0,0,0,0,0,0,0,0,0,0.0,0.0,0.0,0,0,0,0,0,0,0,0,0,0,0,0,0,0,0,0,0,0,0,0,0,0,0,0,0,0,0,0,0,18.2
25.0,0,0,0,0,0,0,0,0,0,0,0,0.0,0,0,0,0,0,0,0,0.175438596,0.175438596,0.0,0,0,0,0,0,0,0,0,0,0,0,0,0,0,0.175438596,0.175438596,0.298245614,0,0,0,0,0,0,0,0,0,0,0,0,0,0,0,0,0,0,0,0,0,0,0,0,0,0,0,0,0,0.0,0.0,0.0,0,0,0,0,0,0,0,0,0,0,0,0,0,0,0,0,0,0,0,0,0,0,0,0,0,0,0,0,0,15.93
25.0,0,0,0,0,0,0,0,0,0,0,0,0.0,0,0,0,0,0,0,0,0.166666667,0.166666667,0.0,0,0,0,0,0,0,0,0,0,0,0,0,0,0,0.166666667,0.166666667,0.333333333,0,0,0,0,0,0,0,0,0,0,0,0,0,0,0,0,0,0,0,0,0,0,0,0,0,0,0,0,0,0.0,0.0,0.0,0,0,0,0,0,0,0,0,0,0,0,0,0,0,0,0,0,0,0,0,0,0,0,0,0,0,0,0,0,12.72
25.0,0,0,0,0,0,0,0,0,0,0,0,0.0,0,0,0,0,0,0,0,0.23255814,0.069767442,0.0,0,0,0,0,0,0,0,0,0,0,0,0,0,0,0.23255814,0.23255814,0.23255814,0,0,0,0,0,0,0,0,0,0,0,0,0,0,0,0,0,0,0,0,0,0,0,0,0,0,0,0,0,0.0,0.0,0.0,0,0,0,0,0,0,0,0,0,0,0,0,0,0,0,0,0,0,0,0,0,0,0,0,0,0,0,0,0,24.76
25.0,0,0,0,0,0,0,0,0,0,0,0,0.0,0,0,0,0,0,0,0,0.2,0.2,0.0,0,0,0,0,0,0,0,0,0,0,0,0,0,0,0.2,0.2,0.2,0,0,0,0,0,0,0,0,0,0,0,0,0,0,0,0,0,0,0,0,0,0,0,0,0,0,0,0,0,0.0,0.0,0.0,0,0,0,0,0,0,0,0,0,0,0,0,0,0,0,0,0,0,0,0,0,0,0,0,0,0,0,0,0,29.21
25.0,0,0,0,0,0,0,0,0,0,0,0,0.0,0,0,0,0,0,0,0,0.303030303,0.090909091,0.0,0,0,0,0,0,0,0,0,0,0,0,0,0,0,0.303030303,0.303030303,0.0,0,0,0,0,0,0,0,0,0,0,0,0,0,0,0,0,0,0,0,0,0,0,0,0,0,0,0,0,0,0.0,0.0,0.0,0,0,0,0,0,0,0,0,0,0,0,0,0,0,0,0,0,0,0,0,0,0,0,0,0,0,0,0,0,44.29
25.0,0,0,0,0,0,0,0,0,0,0,0,0.0,0,0,0,0,0,0,0,0.25,0.25,0.0,0,0,0,0,0,0,0,0,0,0,0,0,0,0,0.25,0.25,0.0,0,0,0,0,0,0,0,0,0,0,0,0,0,0,0,0,0,0,0,0,0,0,0,0,0,0,0,0,0,0.0,0.0,0.0,0,0,0,0,0,0,0,0,0,0,0,0,0,0,0,0,0,0,0,0,0,0,0,0,0,0,0,0,0,49.05
25.0,0,0,0,0,0,0,0,0,0,0,0,0.0,0,0,0,0,0,0,0,0.058823529,0.0,0.0,0,0,0,0,0,0,0,0,0,0,0,0,0,0,0.0,0.235294118,0.235294118,0,0,0,0,0,0,0,0,0,0,0,0,0,0,0,0,0,0,0,0,0,0,0,0,0,0,0,0,0,0.0,0.235294118,0.235294118,0,0,0,0,0,0,0,0,0,0,0,0,0,0,0,0,0,0,0,0,0,0,0,0,0,0,0,0,0,2.51
25.0,0,0,0,0,0,0,0,0,0,0,0,0.0,0,0,0,0,0,0,0,0.111111111,0.0,0.0,0,0,0,0,0,0,0,0,0,0,0,0,0,0,0.0,0.222222222,0.222222222,0,0,0,0,0,0,0,0,0,0,0,0,0,0,0,0,0,0,0,0,0,0,0,0,0,0,0,0,0,0.0,0.222222222,0.222222222,0,0,0,0,0,0,0,0,0,0,0,0,0,0,0,0,0,0,0,0,0,0,0,0,0,0,0,0,0,5.92
25.0,0,0,0,0,0,0,0,0,0,0,0,0.0,0,0,0,0,0,0,0,0.157894737,0.0,0.0,0,0,0,0,0,0,0,0,0,0,0,0,0,0,0.0,0.210526316,0.210526316,0,0,0,0,0,0,0,0,0,0,0,0,0,0,0,0,0,0,0,0,0,0,0,0,0,0,0,0,0,0.0,0.210526316,0.210526316,0,0,0,0,0,0,0,0,0,0,0,0,0,0,0,0,0,0,0,0,0,0,0,0,0,0,0,0,0,8.4
25.0,0,0,0,0,0,0,0,0,0,0,0,0.0,0,0,0,0,0,0,0,0.2,0.0,0.0,0,0,0,0,0,0,0,0,0,0,0,0,0,0,0.0,0.2,0.2,0,0,0,0,0,0,0,0,0,0,0,0,0,0,0,0,0,0,0,0,0,0,0,0,0,0,0,0,0,0.0,0.2,0.2,0,0,0,0,0,0,0,0,0,0,0,0,0,0,0,0,0,0,0,0,0,0,0,0,0,0,0,0,0,11.5
25.0,0,0,0,0,0,0,0,0,0,0,0,0.0,0,0,0,0,0,0,0,0.0,0.0,0.0,0,0,0,0,0,0,0,0,0,0,0,0,0,0,0.0,0.25,0.25,0,0,0,0,0,0,0,0,0,0,0,0,0,0,0,0,0,0,0,0,0,0,0,0,0,0,0,0,0,0.0,0.25,0.25,0,0,0,0,0,0,0,0,0,0,0,0,0,0,0,0,0,0,0,0,0,0,0,0,0,0,0,0,0,1.9
25.0,0,0,0,0,0,0,0,0,0,0,0,0.0,0,0,0,0,0,0,0,0.2,0.2,0.0,0,0,0,0,0,0,0,0,0,0,0,0,0,0,0.0,0.2,0.2,0,0,0,0,0,0,0,0,0,0,0,0,0,0,0,0,0,0,0,0,0,0,0,0,0,0,0,0,0,0.0,0.2,0.0,0,0,0,0,0,0,0,0,0,0,0,0,0,0,0,0,0,0,0,0,0,0,0,0,0,0,0,0,0,32.32
25.0,0,0,0,0,0,0,0,0,0,0,0,0.0,0,0,0,0,0,0,0,0.166666667,0.166666667,0.0,0,0,0,0,0,0,0,0,0,0,0,0,0,0,0.0,0.166666667,0.166666667,0,0,0,0,0,0,0,0,0,0,0,0,0,0,0,0,0,0,0,0,0,0,0,0,0,0,0,0,0,0.0,0.166666667,0.166666667,0,0,0,0,0,0,0,0,0,0,0,0,0,0,0,0,0,0,0,0,0,0,0,0,0,0,0,0,0,13.35
1200.0,0,0,0,0,0,0,0,0,0,0,0,0.0,0,0,0,0,0,0,0,0.166666667,0.166666667,0.0,0,0,0,0,0,0,0,0,0,0,0,0,0,0,0.0,0.166666667,0.166666667,0,0,0,0,0,0,0,0,0,0,0,0,0,0,0,0,0,0,0,0,0,0,0,0,0,0,0,0,0,0.0,0.166666667,0.166666667,0,0,0,0,0,0,0,0,0,0,0,0,0,0,0,0,0,0,0,0,0,0,0,0,0,0,0,0,0,8.45
1000.0,0,0,0,0,0,0,0,0,0,0,0,0.0,0,0,0,0,0,0,0,0.166666667,0.166666667,0.0,0,0,0,0,0,0,0,0,0,0,0,0,0,0,0.0,0.166666667,0.166666667,0,0,0,0,0,0,0,0,0,0,0,0,0,0,0,0,0,0,0,0,0,0,0,0,0,0,0,0,0,0.0,0.166666667,0.166666667,0,0,0,0,0,0,0,0,0,0,0,0,0,0,0,0,0,0,0,0,0,0,0,0,0,0,0,0,0,23.13
800.0,0,0,0,0,0,0,0,0,0,0,0,0.0,0,0,0,0,0,0,0,0.166666667,0.166666667,0.0,0,0,0,0,0,0,0,0,0,0,0,0,0,0,0.0,0.166666667,0.166666667,0,0,0,0,0,0,0,0,0,0,0,0,0,0,0,0,0,0,0,0,0,0,0,0,0,0,0,0,0,0.0,0.166666667,0.166666667,0,0,0,0,0,0,0,0,0,0,0,0,0,0,0,0,0,0,0,0,0,0,0,0,0,0,0,0,0,8.69
600.0,0,0,0,0,0,0,0,0,0,0,0,0.0,0,0,0,0,0,0,0,0.166666667,0.166666667,0.0,0,0,0,0,0,0,0,0,0,0,0,0,0,0,0.0,0.166666667,0.166666667,0,0,0,0,0,0,0,0,0,0,0,0,0,0,0,0,0,0,0,0,0,0,0,0,0,0,0,0,0,0.0,0.166666667,0.166666667,0,0,0,0,0,0,0,0,0,0,0,0,0,0,0,0,0,0,0,0,0,0,0,0,0,0,0,0,0,17.93
25.0,0,0,0,0,0,0,0,0,0,0,0,0.0,0,0,0,0,0,0,0,0.2,0.0,0.0,0,0,0,0,0,0,0,0,0,0,0,0,0,0,0.0,0.2,0.2,0,0,0,0,0,0,0,0,0,0,0,0,0,0,0,0,0,0,0,0,0,0,0,0,0,0,0,0,0,0.0,0.2,0.2,0,0,0,0,0,0,0,0,0,0,0,0,0,0,0,0,0,0,0,0,0,0,0,0,0,0,0,0,0,16.41
1200.0,0,0,0,0,0,0,0,0,0,0,0,0.0,0,0,0,0,0,0,0,0.2,0.0,0.0,0,0,0,0,0,0,0,0,0,0,0,0,0,0,0.0,0.2,0.2,0,0,0,0,0,0,0,0,0,0,0,0,0,0,0,0,0,0,0,0,0,0,0,0,0,0,0,0,0,0.0,0.2,0.2,0,0,0,0,0,0,0,0,0,0,0,0,0,0,0,0,0,0,0,0,0,0,0,0,0,0,0,0,0,9.65
1000.0,0,0,0,0,0,0,0,0,0,0,0,0.0,0,0,0,0,0,0,0,0.2,0.0,0.0,0,0,0,0,0,0,0,0,0,0,0,0,0,0,0.0,0.2,0.2,0,0,0,0,0,0,0,0,0,0,0,0,0,0,0,0,0,0,0,0,0,0,0,0,0,0,0,0,0,0.0,0.2,0.2,0,0,0,0,0,0,0,0,0,0,0,0,0,0,0,0,0,0,0,0,0,0,0,0,0,0,0,0,0,33.54
800.0,0,0,0,0,0,0,0,0,0,0,0,0.0,0,0,0,0,0,0,0,0.2,0.0,0.0,0,0,0,0,0,0,0,0,0,0,0,0,0,0,0.0,0.2,0.2,0,0,0,0,0,0,0,0,0,0,0,0,0,0,0,0,0,0,0,0,0,0,0,0,0,0,0,0,0,0.0,0.2,0.2,0,0,0,0,0,0,0,0,0,0,0,0,0,0,0,0,0,0,0,0,0,0,0,0,0,0,0,0,0,45.23
600.0,0,0,0,0,0,0,0,0,0,0,0,0.0,0,0,0,0,0,0,0,0.2,0.0,0.0,0,0,0,0,0,0,0,0,0,0,0,0,0,0,0.0,0.2,0.2,0,0,0,0,0,0,0,0,0,0,0,0,0,0,0,0,0,0,0,0,0,0,0,0,0,0,0,0,0,0.0,0.2,0.2,0,0,0,0,0,0,0,0,0,0,0,0,0,0,0,0,0,0,0,0,0,0,0,0,0,0,0,0,0,31.69
25.0,0,0,0,0,0,0,0,0,0,0,0,0.0,0,0,0,0,0,0,0,0.2,0.0,0.0,0,0,0,0,0,0,0,0,0,0,0,0,0,0,0.2,0.2,0.2,0,0,0,0,0,0,0,0,0,0,0,0,0,0,0,0,0,0,0,0,0,0,0,0,0,0,0,0,0,0.0,0.2,0.0,0,0,0,0,0,0,0,0,0,0,0,0,0,0,0,0,0,0,0,0,0,0,0,0,0,0,0,0,0,7.07
25.0,0,0,0,0,0,0,0,0,0,0,0,0.0,0,0,0,0,0,0,0,0.2,0.0,0.0,0,0,0,0,0,0,0,0,0,0,0,0,0,0,0.2,0.2,0.2,0,0,0,0,0,0,0,0,0,0,0,0,0,0,0,0,0,0,0,0,0,0,0,0,0,0,0,0,0,0.0,0.2,0.0,0,0,0,0,0,0,0,0,0,0,0,0,0,0,0,0,0,0,0,0,0,0,0,0,0,0,0,0,0,4.67
25.0,0,0,0,0,0,0,0,0,0,0,0,0.0,0,0,0,0,0,0,0,0.2,0.0,0.0,0,0,0,0,0,0,0,0,0,0,0,0,0,0,0.2,0.2,0.2,0,0,0,0,0,0,0,0,0,0,0,0,0,0,0,0,0,0,0,0,0,0,0,0,0,0,0,0,0,0.0,0.2,0.0,0,0,0,0,0,0,0,0,0,0,0,0,0,0,0,0,0,0,0,0,0,0,0,0,0,0,0,0,0,7.51
25.0,0,0,0,0,0,0,0,0,0,0,0,0.0,0,0,0,0,0,0,0,0.0,0.25,0.0,0,0,0,0,0,0,0,0,0,0,0,0,0,0,0.0,0.25,0.25,0,0,0,0,0,0,0,0,0,0,0,0,0,0,0,0,0,0,0,0,0,0,0,0,0,0,0,0,0,0.0,0.25,0.0,0,0,0,0,0,0,0,0,0,0,0,0,0,0,0,0,0,0,0,0,0,0,0,0,0,0,0,0,0,20.73
25.0,0,0,0,0,0,0,0,0,0,0,0,0.0,0,0,0,0,0,0,0,0.0,0.2,0.0,0,0,0,0,0,0,0,0,0,0,0,0,0,0,0.0,0.2,0.2,0,0,0,0,0,0,0,0,0,0,0,0,0,0,0,0,0,0,0,0,0,0,0,0,0,0,0,0,0,0.0,0.2,0.2,0,0,0,0,0,0,0,0,0,0,0,0,0,0,0,0,0,0,0,0,0,0,0,0,0,0,0,0,0,8.84
25.0,0,0,0,0,0,0,0,0,0,0,0,0.0,0,0,0,0,0,0,0,0.0,0.2,0.0,0,0,0,0,0,0,0,0,0,0,0,0,0,0,0.0,0.2,0.2,0,0,0,0,0,0,0,0,0,0,0,0,0,0,0,0,0,0,0,0,0,0,0,0,0,0,0,0,0,0.0,0.2,0.2,0,0,0,0,0,0,0,0,0,0,0,0,0,0,0,0,0,0,0,0,0,0,0,0,0,0,0,0,0,1.51
1600.0,0,0,0,0,0,0,0,0,0,0,0,0.0,0,0,0,0,0,0,0,0.0,0.2,0.0,0,0,0,0,0,0,0,0,0,0,0,0,0,0,0.0,0.2,0.2,0,0,0,0,0,0,0,0,0,0,0,0,0,0,0,0,0,0,0,0,0,0,0,0,0,0,0,0,0,0.0,0.2,0.2,0,0,0,0,0,0,0,0,0,0,0,0,0,0,0,0,0,0,0,0,0,0,0,0,0,0,0,0,0,13.45
1400.0,0,0,0,0,0,0,0,0,0,0,0,0.0,0,0,0,0,0,0,0,0.0,0.2,0.0,0,0,0,0,0,0,0,0,0,0,0,0,0,0,0.0,0.2,0.2,0,0,0,0,0,0,0,0,0,0,0,0,0,0,0,0,0,0,0,0,0,0,0,0,0,0,0,0,0,0.0,0.2,0.2,0,0,0,0,0,0,0,0,0,0,0,0,0,0,0,0,0,0,0,0,0,0,0,0,0,0,0,0,0,18.5
1200.0,0,0,0,0,0,0,0,0,0,0,0,0.0,0,0,0,0,0,0,0,0.0,0.2,0.0,0,0,0,0,0,0,0,0,0,0,0,0,0,0,0.0,0.2,0.2,0,0,0,0,0,0,0,0,0,0,0,0,0,0,0,0,0,0,0,0,0,0,0,0,0,0,0,0,0,0.0,0.2,0.2,0,0,0,0,0,0,0,0,0,0,0,0,0,0,0,0,0,0,0,0,0,0,0,0,0,0,0,0,0,6.93
1000.0,0,0,0,0,0,0,0,0,0,0,0,0.0,0,0,0,0,0,0,0,0.0,0.2,0.0,0,0,0,0,0,0,0,0,0,0,0,0,0,0,0.0,0.2,0.2,0,0,0,0,0,0,0,0,0,0,0,0,0,0,0,0,0,0,0,0,0,0,0,0,0,0,0,0,0,0.0,0.2,0.2,0,0,0,0,0,0,0,0,0,0,0,0,0,0,0,0,0,0,0,0,0,0,0,0,0,0,0,0,0,17.64
800.0,0,0,0,0,0,0,0,0,0,0,0,0.0,0,0,0,0,0,0,0,0.0,0.2,0.0,0,0,0,0,0,0,0,0,0,0,0,0,0,0,0.0,0.2,0.2,0,0,0,0,0,0,0,0,0,0,0,0,0,0,0,0,0,0,0,0,0,0,0,0,0,0,0,0,0,0.0,0.2,0.2,0,0,0,0,0,0,0,0,0,0,0,0,0,0,0,0,0,0,0,0,0,0,0,0,0,0,0,0,0,16.35
600.0,0,0,0,0,0,0,0,0,0,0,0,0.0,0,0,0,0,0,0,0,0.0,0.2,0.0,0,0,0,0,0,0,0,0,0,0,0,0,0,0,0.0,0.2,0.2,0,0,0,0,0,0,0,0,0,0,0,0,0,0,0,0,0,0,0,0,0,0,0,0,0,0,0,0,0,0.0,0.2,0.2,0,0,0,0,0,0,0,0,0,0,0,0,0,0,0,0,0,0,0,0,0,0,0,0,0,0,0,0,0,11.86
25.0,0,0,0,0,0,0,0,0,0,0,0,0.0,0,0,0,0,0,0,0,0.0,0.0,0.0,0,0,0,0,0,0,0,0,0,0,0,0,0,0,0.0,0.25,0.25,0,0,0,0,0,0,0,0,0,0,0,0,0,0,0,0,0,0,0,0,0,0,0,0,0,0,0,0,0,0.0,0.25,0.25,0,0,0,0,0,0,0,0,0,0,0,0,0,0,0,0,0,0,0,0,0,0,0,0,0,0,0,0,0,1.96
1600.0,0,0,0,0,0,0,0,0,0,0,0,0.0,0,0,0,0,0,0,0,0.0,0.0,0.0,0,0,0,0,0,0,0,0,0,0,0,0,0,0,0.0,0.25,0.25,0,0,0,0,0,0,0,0,0,0,0,0,0,0,0,0,0,0,0,0,0,0,0,0,0,0,0,0,0,0.0,0.25,0.25,0,0,0,0,0,0,0,0,0,0,0,0,0,0,0,0,0,0,0,0,0,0,0,0,0,0,0,0,0,22.5
1200.0,0,0,0,0,0,0,0,0,0,0,0,0.0,0,0,0,0,0,0,0,0.0,0.0,0.0,0,0,0,0,0,0,0,0,0,0,0,0,0,0,0.0,0.25,0.25,0,0,0,0,0,0,0,0,0,0,0,0,0,0,0,0,0,0,0,0,0,0,0,0,0,0,0,0,0,0.0,0.25,0.25,0,0,0,0,0,0,0,0,0,0,0,0,0,0,0,0,0,0,0,0,0,0,0,0,0,0,0,0,0,22.43
1000.0,0,0,0,0,0,0,0,0,0,0,0,0.0,0,0,0,0,0,0,0,0.0,0.0,0.0,0,0,0,0,0,0,0,0,0,0,0,0,0,0,0.0,0.25,0.25,0,0,0,0,0,0,0,0,0,0,0,0,0,0,0,0,0,0,0,0,0,0,0,0,0,0,0,0,0,0.0,0.25,0.25,0,0,0,0,0,0,0,0,0,0,0,0,0,0,0,0,0,0,0,0,0,0,0,0,0,0,0,0,0,22.24
800.0,0,0,0,0,0,0,0,0,0,0,0,0.0,0,0,0,0,0,0,0,0.0,0.0,0.0,0,0,0,0,0,0,0,0,0,0,0,0,0,0,0.0,0.25,0.25,0,0,0,0,0,0,0,0,0,0,0,0,0,0,0,0,0,0,0,0,0,0,0,0,0,0,0,0,0,0.0,0.25,0.25,0,0,0,0,0,0,0,0,0,0,0,0,0,0,0,0,0,0,0,0,0,0,0,0,0,0,0,0,0,22.33
600.0,0,0,0,0,0,0,0,0,0,0,0,0.0,0,0,0,0,0,0,0,0.0,0.0,0.0,0,0,0,0,0,0,0,0,0,0,0,0,0,0,0.0,0.25,0.25,0,0,0,0,0,0,0,0,0,0,0,0,0,0,0,0,0,0,0,0,0,0,0,0,0,0,0,0,0,0.0,0.25,0.25,0,0,0,0,0,0,0,0,0,0,0,0,0,0,0,0,0,0,0,0,0,0,0,0,0,0,0,0,0,22.29
25.0,0,0,0,0,0,0,0,0,0,0,0,0.0,0,0,0,0,0,0,0,0.235294118,0.058823529,0.0,0,0,0,0,0,0,0,0,0,0,0,0,0,0,0.235294118,0.235294118,0.235294118,0,0,0,0,0,0,0,0,0,0,0,0,0,0,0,0,0,0,0,0,0,0,0,0,0,0,0,0,0,0.0,0.0,0.0,0,0,0,0,0,0,0,0,0,0,0,0,0,0,0,0,0,0,0,0,0,0,0,0,0,0,0,0,0,17.7
25.0,0,0,0,0,0,0,0,0,0,0,0,0.0,0,0,0,0,0,0,0,0.222222222,0.111111111,0.0,0,0,0,0,0,0,0,0,0,0,0,0,0,0,0.222222222,0.222222222,0.222222222,0,0,0,0,0,0,0,0,0,0,0,0,0,0,0,0,0,0,0,0,0,0,0,0,0,0,0,0,0,0.0,0.0,0.0,0,0,0,0,0,0,0,0,0,0,0,0,0,0,0,0,0,0,0,0,0,0,0,0,0,0,0,0,0,15.99
25.0,0,0,0,0,0,0,0,0,0,0,0,0.0,0,0,0,0,0,0,0,0.210526316,0.157894737,0.0,0,0,0,0,0,0,0,0,0,0,0,0,0,0,0.210526316,0.210526316,0.210526316,0,0,0,0,0,0,0,0,0,0,0,0,0,0,0,0,0,0,0,0,0,0,0,0,0,0,0,0,0,0.0,0.0,0.0,0,0,0,0,0,0,0,0,0,0,0,0,0,0,0,0,0,0,0,0,0,0,0,0,0,0,0,0,0,13.46
25.0,0,0,0,0,0,0,0,0,0,0,0,0.0,0,0,0,0,0,0,0,0.181818182,0.272727273,0.0,0,0,0,0,0,0,0,0,0,0,0,0,0,0,0.181818182,0.181818182,0.181818182,0,0,0,0,0,0,0,0,0,0,0,0,0,0,0,0,0,0,0,0,0,0,0,0,0,0,0,0,0,0.0,0.0,0.0,0,0,0,0,0,0,0,0,0,0,0,0,0,0,0,0,0,0,0,0,0,0,0,0,0,0,0,0,0,11.37
25.0,0,0,0,0,0,0,0,0,0,0,0,0.0,0,0,0,0,0,0,0,0.166666667,0.333333333,0.0,0,0,0,0,0,0,0,0,0,0,0,0,0,0,0.166666667,0.166666667,0.166666667,0,0,0,0,0,0,0,0,0,0,0,0,0,0,0,0,0,0,0,0,0,0,0,0,0,0,0,0,0,0.0,0.0,0.0,0,0,0,0,0,0,0,0,0,0,0,0,0,0,0,0,0,0,0,0,0,0,0,0,0,0,0,0,0,13.52
25.0,0,0,0,0,0,0,0,0,0,0,0,0.0,0,0,0,0,0,0,0,0.142857143,0.428571429,0.0,0,0,0,0,0,0,0,0,0,0,0,0,0,0,0.142857143,0.142857143,0.142857143,0,0,0,0,0,0,0,0,0,0,0,0,0,0,0,0,0,0,0,0,0,0,0,0,0,0,0,0,0,0.0,0.0,0.0,0,0,0,0,0,0,0,0,0,0,0,0,0,0,0,0,0,0,0,0,0,0,0,0,0,0,0,0,0,13.21
25.0,0,0,0,0,0,0,0,0,0,0,0,0.0,0,0,0,0,0,0,0,0.2,0.2,0.0,0,0,0,0,0,0,0,0,0,0,0,0,0,0,0.2,0.2,0.2,0,0,0,0,0,0,0,0,0,0,0,0,0,0,0,0,0,0,0,0,0,0,0,0,0,0,0,0,0,0.0,0.0,0.0,0,0,0,0,0,0,0,0,0,0,0,0,0,0,0,0,0,0,0,0,0,0,0,0,0,0,0,0,0,15.2
25.0,0,0,0,0,0,0,0,0,0,0,0,0.0,0,0,0,0,0,0,0,0.25,0.0,0.0,0,0,0,0,0,0,0,0,0,0,0,0,0,0,0.25,0.25,0.25,0,0,0,0,0,0,0,0,0,0,0,0,0,0,0,0,0,0,0,0,0,0,0,0,0,0,0,0,0,0.0,0.0,0.0,0,0,0,0,0,0,0,0,0,0,0,0,0,0,0,0,0,0,0,0,0,0,0,0,0,0,0,0,0,18.9
25.0,0,0,0,0,0,0,0,0,0,0,0,0.0,0,0,0,0,0,0,0,0.25,0.25,0.0,0,0,0,0,0,0,0,0,0,0,0,0,0,0,0.0,0.25,0.0,0,0,0,0,0,0,0,0,0,0,0,0,0,0,0,0,0,0,0,0,0,0,0,0,0,0,0,0,0,0.0,0.25,0.0,0,0,0,0,0,0,0,0,0,0,0,0,0,0,0,0,0,0,0,0,0,0,0,0,0,0,0,0,0,46.66
25.0,0,0,0,0,0,0,0,0,0,0,0,0.0,0,0,0,0,0,0,0,0.2,0.2,0.0,0,0,0,0,0,0,0,0,0,0,0,0,0,0,0.0,0.2,0.0,0,0,0,0,0,0,0,0,0,0,0,0,0,0,0,0,0,0,0,0,0,0,0,0,0,0,0,0,0,0.0,0.2,0.2,0,0,0,0,0,0,0,0,0,0,0,0,0,0,0,0,0,0,0,0,0,0,0,0,0,0,0,0,0,18.76
25.0,0,0,0,0,0,0,0,0,0,0,0,0.0,0,0,0,0,0,0,0,0.0,0.25,0.0,0,0,0,0,0,0,0,0,0,0,0,0,0,0,0.0,0.25,0.0,0,0,0,0,0,0,0,0,0,0,0,0,0,0,0,0,0,0,0,0,0,0,0,0,0,0,0,0,0,0.0,0.25,0.25,0,0,0,0,0,0,0,0,0,0,0,0,0,0,0,0,0,0,0,0,0,0,0,0,0,0,0,0,0,11.11
