scaled_pc1,scaled_pc2,scaled_pc3,scaled_pc4,scaled_pc5,scaled_pc6,scaled_pc7,scaled_pc8,scaled_pc9,scaled_pc10,test_temperature,Yield_Strength
-2.1282217096002864,-0.11186077117099123,-0.14421940718995024,-0.29889871570057597,-0.17257150310863617,0.28925713950410836,0.011618940752341045,0.026314300364685433,0.03097250604389122,8.269839389227896e-15,25.0,1250.0
-2.1682558904339095,-0.14503659109243844,-0.1256298081662,-0.2588413254481907,-0.16367591517930044,0.2623897748278295,0.009980193134025261,0.015516161365639367,0.07229689860627372,8.269839372688234e-15,25.0,1625.0
-2.2040759548634252,-0.17472021972566668,-0.10899700966545264,-0.22300050389423318,-0.15571670561861534,0.23835055501235733,0.00851394531602176,0.005854668722770712,0.10927135505065518,8.269839389227926e-15,25.0,1260.0
-2.2919979205462524,-0.2475800347497745,-0.06817104909234464,-0.13502757699111634,-0.136180463166161,0.1793451959953759,0.004914973350110388,-0.01785990420407718,0.20002683869558843,8.26983938922796e-15,25.0,500.0
-2.2363140067108147,-0.20143548503307074,-0.0940274906946189,-0.19074376383901326,-0.14855341657082866,0.21671525648941556,0.007194322254659949,-0.002840674680899477,0.14254836557791567,8.2698393809581e-15,25.0,1375.0
-2.0831832499663547,-0.07453797399298043,-0.1651327052883434,-0.3439632780420555,-0.18257903880816098,0.31948292334122386,0.013462531755687318,0.038462206458724335,-0.015517434945610684,8.26983938095804e-15,25.0,1200.0
2.7800130377935406,-0.03934542999567518,-0.11197761023914692,-0.10296407665925204,0.02473010396566485,0.36140690900256384,-0.05175643769641031,0.10065328902591592,0.06590954703909242,8.269839389227927e-15,25.0,1330.0
2.4672991371824833,-0.07654988015363445,-0.09517922223323443,-0.07379194459400826,0.022664491036132887,0.3305312236282394,-0.04987433080682582,0.08572520603683449,0.10529299279702906,8.269839372688261e-15,25.0,1012.0
1.935685522315939,-0.1397974451265091,-0.06662196332754436,-0.02419932090370458,0.019152949190767696,0.27804256047111175,-0.0466747493459751,0.060347465586364224,0.17224485037929194,8.269839380958123e-15,25.0,991.0
3.131816161317088,0.0025095758902216048,-0.13087579607950023,-0.13578272437291972,0.027053918393834465,0.3961420533183442,-0.053873807745106486,0.11744738179280398,0.021603171056109684,8.269839380958071e-15,25.0,1092.0
3.086003049751219,0.3514443176124032,-0.16896342026219652,-0.1372505413788592,0.015340536190507549,0.03304510566714858,-0.059698540599847055,0.23417051668363706,0.10944505746312243,8.269839389227937e-15,25.0,1745.0
3.086003049751219,0.3514443176124032,-0.16896342026219652,-0.1372505413788592,0.015340536190507549,0.03304510566714858,-0.059698540599847055,0.23417051668363706,0.10944505746312243,8.269839389227937e-15,1000.0,366.0
0.43851218950072873,0.25828596952856175,-0.16422444675360315,-0.19869829606421874,-0.07937363717039583,-0.013658980924559055,-0.027447943782005074,0.1767202872849468,0.12991181655488757,8.269839372688258e-15,25.0,2350.0
0.43851218950072873,0.25828596952856175,-0.16422444675360315,-0.19869829606421874,-0.07937363717039583,-0.013658980924559055,-0.027447943782005074,0.1767202872849468,0.12991181655488757,8.269839372688258e-15,1000.0,579.0
0.10977726757645159,0.16155481988881978,-0.1287626654580169,-0.13661503733930977,-0.0726813662869425,-0.03172862393617801,-0.026491001003452655,0.14224303879156086,0.19440179178352152,8.269839380958122e-15,25.0,2197.0
0.10977726757645159,0.16155481988881978,-0.1287626654580169,-0.13661503733930977,-0.0726813662869425,-0.03172862393617801,-0.026491001003452655,0.14224303879156086,0.19440179178352152,8.269839380958122e-15,1000.0,745.0
0.24227011955125724,0.036970241993736774,-0.08335537875946766,-0.13141083661486685,-0.10148179214346692,0.03573832758805215,0.036848533960581784,0.15302720342066797,0.21128048742873076,8.269839372688313e-15,25.0,1320.0
0.24227011955125724,0.036970241993736774,-0.08335537875946766,-0.13141083661486685,-0.10148179214346692,0.03573832758805215,0.036848533960581784,0.15302720342066797,0.21128048742873076,8.269839372688313e-15,1000.0,935.0
0.5737580377274306,0.10564766226736874,-0.07919627622661585,-0.045900405485904974,-0.007152938957940454,0.07813534295255666,0.009167816110079427,0.21248295370467551,0.25501803845098636,8.269839380958182e-15,25.0,1352.0
0.5737580377274306,0.10564766226736874,-0.07919627622661585,-0.045900405485904974,-0.007152938957940454,0.07813534295255666,0.009167816110079427,0.21248295370467551,0.25501803845098636,8.269839380958182e-15,1000.0,535.0
2.8481532951992063,-0.04082310668924774,-0.2189509516145909,-0.22053805162982348,-0.12784696825459888,0.22296340171150353,0.09677281272328175,-0.17573499347650237,0.021788639508051766,8.269839380958019e-15,25.0,1021.0
2.3527628284245705,-0.09892766519096438,-0.1833557931569314,-0.16465349964320555,-0.11781252979979233,0.18667480904607303,0.08680313187878307,-0.1750669242359362,0.08726889418124527,8.269839372688207e-15,25.0,962.0
1.9366348444913377,-0.14773549406540126,-0.1534558606649514,-0.11771047670928472,-0.10938360179207604,0.15619239183103129,0.07842860020616761,-0.17450574640114658,0.14227230776127114,8.26983938095807e-15,25.0,735.0
3.133002814036336,-0.0074129852833935694,-0.23941816775125901,-0.2526716691298949,-0.1336167703347202,0.24382934251824354,0.10250537919507191,-0.17611913319158454,-0.015862507216416327,8.269839380958003e-15,25.0,1221.0
2.1607132232786026,0.4833680184692609,0.10542409497543652,-0.05624671790230311,-0.008558590814496725,0.035454625518281116,-0.036262224446614214,0.14830415753657863,0.06565708383471175,8.269839372688258e-15,25.0,1188.0
1.978547765863266,0.44000825458002457,0.10851388687932267,-0.03885104510310423,-0.008700130349823455,0.02709789709259472,-0.0355937260279304,0.1368002904495901,0.09144451942364445,8.269839389227943e-15,25.0,1302.0
1.768661461337603,0.39005026195589376,0.11207386403624717,-0.01880820391169474,-0.008863208468712754,0.01746949217676244,-0.03482349937768153,0.12354583377951336,0.12115613037751279,8.269839364418435e-15,25.0,1415.0
1.576265700572802,0.3442554395507398,0.11533717707727233,-0.00043560022867361256,-0.00901269679918007,0.008643454750840857,-0.03411745854033105,0.11139591640623298,0.14839177365730194,8.269839397497802e-15,25.0,1489.0
2.4612862436420553,0.5549116324733612,0.10032593867986173,-0.08494957886799409,-0.008325050613085729,0.049243227863828315,-0.0373652470166254,0.16728553926800832,0.023107814498217832,8.269839380958082e-15,25.0,1073.0
1.606267178524588,0.44686283607303423,-0.23188261598515253,-0.1396221152519191,0.04289050703232018,0.05946122155844638,-0.05073932952707769,0.19121880931468496,0.11385741263209144,8.269839380958087e-15,25.0,1965.0
1.606267178524588,0.44686283607303423,-0.23188261598515253,-0.1396221152519191,0.04289050703232018,0.05946122155844638,-0.05073932952707769,0.19121880931468496,0.11385741263209144,8.269839380958087e-15,1000.0,166.0
1.606267178524588,0.44686283607303423,-0.23188261598515253,-0.1396221152519191,0.04289050703232018,0.05946122155844638,-0.05073932952707769,0.19121880931468496,0.11385741263209144,8.269839380958087e-15,800.0,678.0
2.4396063934326975,0.4538140954290916,-0.21925709639223345,-0.13742358342455396,0.03313015023021191,0.0293249115902795,-0.02866965761445822,0.21184219190684342,0.11995320843643412,8.269839380958096e-15,25.0,1965.0
2.4396063934326975,0.4538140954290916,-0.21925709639223345,-0.13742358342455396,0.03313015023021191,0.0293249115902795,-0.02866965761445822,0.21184219190684342,0.11995320843643412,8.269839380958096e-15,1000.0,236.0
2.4396063934326975,0.4538140954290916,-0.21925709639223345,-0.13742358342455396,0.03313015023021191,0.0293249115902795,-0.02866965761445822,0.21184219190684342,0.11995320843643412,8.269839380958096e-15,800.0,362.0
2.355082559021165,0.4098965154208569,0.014171602498125185,-0.07230687366945865,-0.0005263037303091661,0.029119947940165036,-0.043789362931483305,0.16990616713088208,0.0975647023726146,8.269839380958103e-15,25.0,1841.0
2.355082559021165,0.4098965154208569,0.014171602498125185,-0.07230687366945865,-0.0005263037303091661,0.029119947940165036,-0.043789362931483305,0.16990616713088208,0.0975647023726146,8.269839380958103e-15,1000.0,298.0
2.355082559021165,0.4098965154208569,0.014171602498125185,-0.07230687366945865,-0.0005263037303091661,0.029119947940165036,-0.043789362931483305,0.16990616713088208,0.0975647023726146,8.269839380958103e-15,800.0,796.0
0.45504176917666705,0.39903225359572214,-0.2176268718501864,-0.12367760346225826,0.03671482243078027,0.10660633179437642,-0.0005182678889707193,0.19694461063680238,0.1551758606320496,8.26983937268828e-15,25.0,2035.0
1.5347611215119485,0.36283478373438693,-0.20334529368896292,-0.11522327196641216,0.03345708581966324,0.10040187572170448,-0.0011502372101035163,0.18472724843571664,0.14645705908991558,8.269839380958115e-15,1000.0,220.0
1.5347611215119485,0.36283478373438693,-0.20334529368896292,-0.11522327196641216,0.03345708581966324,0.10040187572170448,-0.0011502372101035163,0.18472724843571664,0.14645705908991558,8.269839380958115e-15,800.0,796.0
0.10977726757645159,0.16155481988881978,-0.1287626654580169,-0.13661503733930977,-0.0726813662869425,-0.03172862393617801,-0.026491001003452655,0.14224303879156086,0.19440179178352152,8.269839380958122e-15,25.0,2000.0
0.10977726757645159,0.16155481988881978,-0.1287626654580169,-0.13661503733930977,-0.0726813662869425,-0.03172862393617801,-0.026491001003452655,0.14224303879156086,0.19440179178352152,8.269839380958122e-15,1000.0,745.0
0.10977726757645159,0.16155481988881978,-0.1287626654580169,-0.13661503733930977,-0.0726813662869425,-0.03172862393617801,-0.026491001003452655,0.14224303879156086,0.19440179178352152,8.269839380958122e-15,800.0,1597.0
0.10500804768783985,0.14375189262608287,-0.08822342784337349,-0.08898267013893585,-0.01578551786748262,0.1449845757885374,0.043169125752957116,0.26985939138882387,0.22592268766227122,8.26983938095819e-15,25.0,1280.0
0.10500804768783985,0.14375189262608287,-0.08822342784337349,-0.08898267013893585,-0.01578551786748262,0.1449845757885374,0.043169125752957116,0.26985939138882387,0.22592268766227122,8.26983938095819e-15,1000.0,403.0
0.10500804768783985,0.14375189262608287,-0.08822342784337349,-0.08898267013893585,-0.01578551786748262,0.1449845757885374,0.043169125752957116,0.26985939138882387,0.22592268766227122,8.26983938095819e-15,800.0,728.0
2.355082559021165,0.4098965154208569,0.014171602498125185,-0.07230687366945865,-0.0005263037303091661,0.029119947940165036,-0.043789362931483305,0.16990616713088208,0.0975647023726146,8.269839380958103e-15,25.0,1841.0
2.355082559021165,0.4098965154208569,0.014171602498125185,-0.07230687366945865,-0.0005263037303091661,0.029119947940165036,-0.043789362931483305,0.16990616713088208,0.0975647023726146,8.269839380958103e-15,1200.0,89.0
2.355082559021165,0.4098965154208569,0.014171602498125185,-0.07230687366945865,-0.0005263037303091661,0.029119947940165036,-0.043789362931483305,0.16990616713088208,0.0975647023726146,8.269839380958103e-15,1000.0,298.0
2.355082559021165,0.4098965154208569,0.014171602498125185,-0.07230687366945865,-0.0005263037303091661,0.029119947940165036,-0.043789362931483305,0.16990616713088208,0.0975647023726146,8.269839380958103e-15,800.0,796.0
0.10977726757645159,0.16155481988881978,-0.1287626654580169,-0.13661503733930977,-0.0726813662869425,-0.03172862393617801,-0.026491001003452655,0.14224303879156086,0.19440179178352152,8.269839380958122e-15,25.0,2000.0
0.10977726757645159,0.16155481988881978,-0.1287626654580169,-0.13661503733930977,-0.0726813662869425,-0.03172862393617801,-0.026491001003452655,0.14224303879156086,0.19440179178352152,8.269839380958122e-15,1200.0,250.0
0.10977726757645159,0.16155481988881978,-0.1287626654580169,-0.13661503733930977,-0.0726813662869425,-0.03172862393617801,-0.026491001003452655,0.14224303879156086,0.19440179178352152,8.269839380958122e-15,1000.0,745.0
0.10977726757645159,0.16155481988881978,-0.1287626654580169,-0.13661503733930977,-0.0726813662869425,-0.03172862393617801,-0.026491001003452655,0.14224303879156086,0.19440179178352152,8.269839380958122e-15,800.0,1597.0
-1.9238267667746878,0.1513230894173716,-0.2678875334042293,0.131762905913895,-0.0393077976039979,0.2940219705547098,0.18956795178126068,0.19083348913765166,0.07467756088170507,8.269839380958122e-15,25.0,1340.0
-1.9238267667746878,0.1513230894173716,-0.2678875334042293,0.131762905913895,-0.0393077976039979,0.2940219705547098,0.18956795178126068,0.19083348913765166,0.07467756088170507,8.269839380958122e-15,25.0,1240.0
-1.9238267667746878,0.1513230894173716,-0.2678875334042293,0.131762905913895,-0.0393077976039979,0.2940219705547098,0.18956795178126068,0.19083348913765166,0.07467756088170507,8.269839380958122e-15,1000.0,90.0
-1.9238267667746878,0.1513230894173716,-0.2678875334042293,0.131762905913895,-0.0393077976039979,0.2940219705547098,0.18956795178126068,0.19083348913765166,0.07467756088170507,8.269839380958122e-15,800.0,445.0
-1.9238267667746878,0.1513230894173716,-0.2678875334042293,0.131762905913895,-0.0393077976039979,0.2940219705547098,0.18956795178126068,0.19083348913765166,0.07467756088170507,8.269839380958122e-15,600.0,930.0
-2.2090492362166314,-0.14963803631905498,-0.13101823961634856,0.09860826762056774,-0.00988922750116903,0.29103327701456194,-0.03226553368617707,0.08559360190106056,0.1481165959890678,8.26983937268827e-15,25.0,1300.0
-2.2090492362166314,-0.14963803631905498,-0.13101823961634856,0.09860826762056774,-0.00988922750116903,0.29103327701456194,-0.03226553368617707,0.08559360190106056,0.1481165959890678,8.26983937268827e-15,1000.0,40.0
-2.2090492362166314,-0.14963803631905498,-0.13101823961634856,0.09860826762056774,-0.00988922750116903,0.29103327701456194,-0.03226553368617707,0.08559360190106056,0.1481165959890678,8.26983937268827e-15,800.0,640.0
-2.2090492362166314,-0.14963803631905498,-0.13101823961634856,0.09860826762056774,-0.00988922750116903,0.29103327701456194,-0.03226553368617707,0.08559360190106056,0.1481165959890678,8.26983937268827e-15,600.0,1005.0
-2.2324165656858592,-0.18739216050045074,-0.1930414054999911,0.29230194191784553,-0.0654901169333137,0.20998565270429498,0.0016473866283565897,0.09794232349440249,0.05397282812256442,8.269839389227902e-15,25.0,1700.0
-2.2324165656858592,-0.18739216050045074,-0.1930414054999911,0.29230194191784553,-0.0654901169333137,0.20998565270429498,0.0016473866283565897,0.09794232349440249,0.05397282812256442,8.269839389227902e-15,1000.0,75.0
-2.2324165656858592,-0.18739216050045074,-0.1930414054999911,0.29230194191784553,-0.0654901169333137,0.20998565270429498,0.0016473866283565897,0.09794232349440249,0.05397282812256442,8.269839389227902e-15,800.0,970.0
-2.2324165656858592,-0.18739216050045074,-0.1930414054999911,0.29230194191784553,-0.0654901169333137,0.20998565270429498,0.0016473866283565897,0.09794232349440249,0.05397282812256442,8.269839389227902e-15,600.0,1370.0
-2.2219012671909497,-0.1704028045830941,-0.16513098080513738,0.2051397883676782,-0.04046971665727917,0.24645708365938798,-0.013613427528609098,0.09238539876204746,0.09633752369945833,8.269839380958084e-15,25.0,1550.0
-2.2219012671909497,-0.1704028045830941,-0.16513098080513738,0.2051397883676782,-0.04046971665727917,0.24645708365938798,-0.013613427528609098,0.09238539876204746,0.09633752369945833,8.269839380958084e-15,1000.0,65.0
-2.2219012671909497,-0.1704028045830941,-0.16513098080513738,0.2051397883676782,-0.04046971665727917,0.24645708365938798,-0.013613427528609098,0.09238539876204746,0.09633752369945833,8.269839380958084e-15,800.0,860.0
-2.2219012671909497,-0.1704028045830941,-0.16513098080513738,0.2051397883676782,-0.04046971665727917,0.24645708365938798,-0.013613427528609098,0.09238539876204746,0.09633752369945833,8.269839380958084e-15,600.0,1015.0
-2.192984202469094,-0.1236820763256917,-0.08837731342515351,-0.034556133091451696,0.0283363839217179,0.3467535193633542,-0.05558066645573448,0.07710385601741251,0.21284043668434194,8.269839380958144e-15,25.0,1000.0
-2.192984202469094,-0.1236820763256917,-0.08837731342515351,-0.034556133091451696,0.0283363839217179,0.3467535193633542,-0.05558066645573448,0.07710385601741251,0.21284043668434194,8.269839380958144e-15,1000.0,110.0
-2.192984202469094,-0.1236820763256917,-0.08837731342515351,-0.034556133091451696,0.0283363839217179,0.3467535193633542,-0.05558066645573448,0.07710385601741251,0.21284043668434194,8.269839380958144e-15,800.0,560.0
-2.192984202469094,-0.1236820763256917,-0.08837731342515351,-0.034556133091451696,0.0283363839217179,0.3467535193633542,-0.05558066645573448,0.07710385601741251,0.21284043668434194,8.269839380958144e-15,600.0,780.0
-2.227204721677153,-0.19728454770936868,-0.1294089102076164,0.049588004569195106,-0.2569778664294169,0.03444822983685736,0.15060400363512325,0.13231417145557603,0.09712001791979542,8.269839380958112e-15,25.0,1010.0
-2.227204721677153,-0.19728454770936868,-0.1294089102076164,0.049588004569195106,-0.2569778664294169,0.03444822983685736,0.15060400363512325,0.13231417145557603,0.09712001791979542,8.269839380958112e-15,1200.0,105.0
-2.227204721677153,-0.19728454770936868,-0.1294089102076164,0.049588004569195106,-0.2569778664294169,0.03444822983685736,0.15060400363512325,0.13231417145557603,0.09712001791979542,8.269839380958112e-15,1000.0,594.0
-2.227204721677153,-0.19728454770936868,-0.1294089102076164,0.049588004569195106,-0.2569778664294169,0.03444822983685736,0.15060400363512325,0.13231417145557603,0.09712001791979542,8.269839380958112e-15,800.0,860.0
-2.227204721677153,-0.19728454770936868,-0.1294089102076164,0.049588004569195106,-0.2569778664294169,0.03444822983685736,0.15060400363512325,0.13231417145557603,0.09712001791979542,8.269839380958112e-15,600.0,1060.0
-2.227204721677153,-0.19728454770936868,-0.1294089102076164,0.049588004569195106,-0.2569778664294169,0.03444822983685736,0.15060400363512325,0.13231417145557603,0.09712001791979542,8.269839380958112e-15,400.0,1080.0
-2.227204721677153,-0.19728454770936868,-0.1294089102076164,0.049588004569195106,-0.2569778664294169,0.03444822983685736,0.15060400363512325,0.13231417145557603,0.09712001791979542,8.269839380958112e-15,1200.0,150.0
-2.227204721677153,-0.19728454770936868,-0.1294089102076164,0.049588004569195106,-0.2569778664294169,0.03444822983685736,0.15060400363512325,0.13231417145557603,0.09712001791979542,8.269839380958112e-15,1000.0,550.0
-2.227204721677153,-0.19728454770936868,-0.1294089102076164,0.049588004569195106,-0.2569778664294169,0.03444822983685736,0.15060400363512325,0.13231417145557603,0.09712001791979542,8.269839380958112e-15,800.0,875.0
-2.227204721677153,-0.19728454770936868,-0.1294089102076164,0.049588004569195106,-0.2569778664294169,0.03444822983685736,0.15060400363512325,0.13231417145557603,0.09712001791979542,8.269839380958112e-15,600.0,930.0
-2.180410943457769,-0.1284159658446793,-0.2411464594881592,0.14896963266183355,-0.26786486713007207,-0.033392974752444154,0.28006062221002304,-0.04751910129638165,0.11858932383916562,8.26983938095809e-15,1200.0,100.0
-2.180410943457769,-0.1284159658446793,-0.2411464594881592,0.14896963266183355,-0.26786486713007207,-0.033392974752444154,0.28006062221002304,-0.04751910129638165,0.11858932383916562,8.26983938095809e-15,1000.0,375.0
-2.180410943457769,-0.1284159658446793,-0.2411464594881592,0.14896963266183355,-0.26786486713007207,-0.033392974752444154,0.28006062221002304,-0.04751910129638165,0.11858932383916562,8.26983938095809e-15,800.0,875.0
-2.180410943457769,-0.1284159658446793,-0.2411464594881592,0.14896963266183355,-0.26786486713007207,-0.033392974752444154,0.28006062221002304,-0.04751910129638165,0.11858932383916562,8.26983938095809e-15,600.0,1020.0
-2.180410943457769,-0.1284159658446793,-0.2411464594881592,0.14896963266183355,-0.26786486713007207,-0.033392974752444154,0.28006062221002304,-0.04751910129638165,0.11858932383916562,8.26983938095809e-15,400.0,1070.0
-2.1996135205768486,-0.15728425523353495,-0.04372472517825228,-0.22899586283955553,-0.2422988032934542,0.08174245208519094,0.14969112249893096,0.12701482188432317,0.2138185544597633,8.269839380958178e-15,1200.0,200.0
-2.1996135205768486,-0.15728425523353495,-0.04372472517825228,-0.22899586283955553,-0.2422988032934542,0.08174245208519094,0.14969112249893096,0.12701482188432317,0.2138185544597633,8.269839380958178e-15,1000.0,540.0
-2.1996135205768486,-0.15728425523353495,-0.04372472517825228,-0.22899586283955553,-0.2422988032934542,0.08174245208519094,0.14969112249893096,0.12701482188432317,0.2138185544597633,8.269839380958178e-15,800.0,500.0
-2.1996135205768486,-0.15728425523353495,-0.04372472517825228,-0.22899586283955553,-0.2422988032934542,0.08174245208519094,0.14969112249893096,0.12701482188432317,0.2138185544597633,8.269839380958178e-15,600.0,520.0
0.10977726757645159,0.16155481988881978,-0.1287626654580169,-0.13661503733930977,-0.0726813662869425,-0.03172862393617801,-0.026491001003452655,0.14224303879156086,0.19440179178352152,8.269839380958122e-15,25.0,2000.0
0.10977726757645159,0.16155481988881978,-0.1287626654580169,-0.13661503733930977,-0.0726813662869425,-0.03172862393617801,-0.026491001003452655,0.14224303879156086,0.19440179178352152,8.269839380958122e-15,1200.0,250.0
0.10977726757645159,0.16155481988881978,-0.1287626654580169,-0.13661503733930977,-0.0726813662869425,-0.03172862393617801,-0.026491001003452655,0.14224303879156086,0.19440179178352152,8.269839380958122e-15,1000.0,745.0
0.10977726757645159,0.16155481988881978,-0.1287626654580169,-0.13661503733930977,-0.0726813662869425,-0.03172862393617801,-0.026491001003452655,0.14224303879156086,0.19440179178352152,8.269839380958122e-15,800.0,1597.0
0.10977726757645159,0.16155481988881978,-0.1287626654580169,-0.13661503733930977,-0.0726813662869425,-0.03172862393617801,-0.026491001003452655,0.14224303879156086,0.19440179178352152,8.269839380958122e-15,600.0,1870.0
-2.192984202469094,-0.1236820763256917,-0.08837731342515351,-0.034556133091451696,0.0283363839217179,0.3467535193633542,-0.05558066645573448,0.07710385601741251,0.21284043668434194,8.269839380958144e-15,25.0,1020.0
-2.192984202469094,-0.1236820763256917,-0.08837731342515351,-0.034556133091451696,0.0283363839217179,0.3467535193633542,-0.05558066645573448,0.07710385601741251,0.21284043668434194,8.269839380958144e-15,1000.0,158.0
-2.192984202469094,-0.1236820763256917,-0.08837731342515351,-0.034556133091451696,0.0283363839217179,0.3467535193633542,-0.05558066645573448,0.07710385601741251,0.21284043668434194,8.269839380958144e-15,800.0,685.0
-2.192984202469094,-0.1236820763256917,-0.08837731342515351,-0.034556133091451696,0.0283363839217179,0.3467535193633542,-0.05558066645573448,0.07710385601741251,0.21284043668434194,8.269839380958144e-15,600.0,810.0
-2.192984202469094,-0.1236820763256917,-0.08837731342515351,-0.034556133091451696,0.0283363839217179,0.3467535193633542,-0.05558066645573448,0.07710385601741251,0.21284043668434194,8.269839380958144e-15,25.0,1000.0
-2.192984202469094,-0.1236820763256917,-0.08837731342515351,-0.034556133091451696,0.0283363839217179,0.3467535193633542,-0.05558066645573448,0.07710385601741251,0.21284043668434194,8.269839380958144e-15,800.0,560.0
-2.192984202469094,-0.1236820763256917,-0.08837731342515351,-0.034556133091451696,0.0283363839217179,0.3467535193633542,-0.05558066645573448,0.07710385601741251,0.21284043668434194,8.269839380958144e-15,600.0,780.0
-1.9709190424507215,0.15761754306181358,-0.17818749973907516,-0.06433547500848101,0.05997360060439704,0.14961657789550448,-0.16377389636686748,0.07072019596440048,0.1787710551624963,8.26983938095808e-15,25.0,1500.0
-1.9709190424507215,0.15761754306181358,-0.17818749973907516,-0.06433547500848101,0.05997360060439704,0.14961657789550448,-0.16377389636686748,0.07072019596440048,0.1787710551624963,8.26983938095808e-15,800.0,550.0
-1.9709190424507215,0.15761754306181358,-0.17818749973907516,-0.06433547500848101,0.05997360060439704,0.14961657789550448,-0.16377389636686748,0.07072019596440048,0.1787710551624963,8.26983938095808e-15,600.0,1155.0
-2.1659030852853585,-0.08937724455584979,-0.09932977521456356,-0.03818776016903057,0.03219458109357498,0.32271242884428136,-0.06877496283913763,0.07632536088588238,0.20868563404310736,8.269839380958134e-15,25.0,1290.0
-2.1659030852853585,-0.08937724455584979,-0.09932977521456356,-0.03818776016903057,0.03219458109357498,0.32271242884428136,-0.06877496283913763,0.07632536088588238,0.20868563404310736,8.269839380958134e-15,800.0,865.0
-2.1659030852853585,-0.08937724455584979,-0.09932977521456356,-0.03818776016903057,0.03219458109357498,0.32271242884428136,-0.06877496283913763,0.07632536088588238,0.20868563404310736,8.269839380958134e-15,600.0,975.0
-2.1276709227609265,-0.04094689485572442,-0.11479207400919271,-0.04331476304029428,0.03764144761511858,0.2887720667430809,-0.08740220449772115,0.07522630903324386,0.20282003063737064,8.269839389227962e-15,25.0,1360.0
-2.1276709227609265,-0.04094689485572442,-0.11479207400919271,-0.04331476304029428,0.03764144761511858,0.2887720667430809,-0.08740220449772115,0.07522630903324386,0.20282003063737064,8.269839389227962e-15,800.0,855.0
-2.1276709227609265,-0.04094689485572442,-0.11479207400919271,-0.04331476304029428,0.03764144761511858,0.2887720667430809,-0.08740220449772115,0.07522630903324386,0.20282003063737064,8.269839389227962e-15,600.0,1065.0
-2.069614667055939,0.03259548996810463,-0.13827186123906035,-0.05110021188314555,0.04591261536618259,0.2372329960884269,-0.11568801629067592,0.07355737813662623,0.19391300231162578,8.269839372688269e-15,25.0,1485.0
-2.069614667055939,0.03259548996810463,-0.13827186123906035,-0.05110021188314555,0.04591261536618259,0.2372329960884269,-0.11568801629067592,0.07355737813662623,0.19391300231162578,8.269839372688269e-15,800.0,675.0
-2.069614667055939,0.03259548996810463,-0.13827186123906035,-0.05110021188314555,0.04591261536618259,0.2372329960884269,-0.11568801629067592,0.07355737813662623,0.19391300231162578,8.269839372688269e-15,600.0,1135.0
-1.8901680770614815,0.25990831400808745,-0.21084574951861967,-0.0751643266898378,0.07147804310594023,0.07793041743967133,-0.2031168892649418,0.06839886510443131,0.16638218932093463,8.269839389227899e-15,25.0,1535.0
-1.8901680770614815,0.25990831400808745,-0.21084574951861967,-0.0751643266898378,0.07147804310594023,0.07793041743967133,-0.2031168892649418,0.06839886510443131,0.16638218932093463,8.269839389227899e-15,800.0,180.0
-1.8901680770614815,0.25990831400808745,-0.21084574951861967,-0.0751643266898378,0.07147804310594023,0.07793041743967133,-0.2031168892649418,0.06839886510443131,0.16638218932093463,8.269839389227899e-15,600.0,1195.0
-1.6470260817802207,0.5426902014459639,-0.05268628213145421,-0.24544330114940385,-0.09928328519369994,0.015676430712460804,-0.019459870555301934,0.1955503543758638,0.028579093321767873,8.269839380958071e-15,25.0,1176.0
-1.696300545864833,0.5243062730167762,0.001816921202268701,0.14438953040338867,-0.06794771646113262,0.017657751052104514,-0.004303925199259401,0.19932347244369156,-0.0527995121816158,8.269839380958041e-15,25.0,1457.0
-1.696300545864833,0.5243062730167762,0.001816921202268701,0.14438953040338867,-0.06794771646113262,0.017657751052104514,-0.004303925199259401,0.19932347244369156,-0.0527995121816158,8.269839380958041e-15,25.0,1420.0
-1.696300545864833,0.5243062730167762,0.001816921202268701,0.14438953040338867,-0.06794771646113262,0.017657751052104514,-0.004303925199259401,0.19932347244369156,-0.0527995121816158,8.269839380958041e-15,25.0,1375.0
-1.696300545864833,0.5243062730167762,0.001816921202268701,0.14438953040338867,-0.06794771646113262,0.017657751052104514,-0.004303925199259401,0.19932347244369156,-0.0527995121816158,8.269839380958041e-15,25.0,1328.0
-1.696300545864833,0.5243062730167762,0.001816921202268701,0.14438953040338867,-0.06794771646113262,0.017657751052104514,-0.004303925199259401,0.19932347244369156,-0.0527995121816158,8.269839380958041e-15,25.0,1322.0
-1.7054098308984944,0.5201553356930742,0.037198340715266204,-0.09594223800481969,0.04047673339745564,0.19992477770466272,-0.1477136065797227,0.06416862630721605,-0.007371164523495552,8.26983938095803e-15,25.0,1157.0
-1.7054098308984944,0.5201553356930742,0.037198340715266204,-0.09594223800481969,0.04047673339745564,0.19992477770466272,-0.1477136065797227,0.06416862630721605,-0.007371164523495552,8.26983938095803e-15,25.0,1170.0
-1.7054098308984944,0.5201553356930742,0.037198340715266204,-0.09594223800481969,0.04047673339745564,0.19992477770466272,-0.1477136065797227,0.06416862630721605,-0.007371164523495552,8.26983938095803e-15,25.0,1253.0
-1.7054098308984944,0.5201553356930742,0.037198340715266204,-0.09594223800481969,0.04047673339745564,0.19992477770466272,-0.1477136065797227,0.06416862630721605,-0.007371164523495552,8.26983938095803e-15,25.0,1140.0
-1.7054098308984944,0.5201553356930742,0.037198340715266204,-0.09594223800481969,0.04047673339745564,0.19992477770466272,-0.1477136065797227,0.06416862630721605,-0.007371164523495552,8.26983938095803e-15,25.0,1120.0
0.21203076909850807,0.23190278220496552,-0.2612704690590873,0.011742798906898597,-0.13333000455729616,-0.023803273583909865,0.00793580778241576,0.2065557925875573,-0.03449534739889787,8.269839380958024e-15,25.0,1595.0
0.21203076909850807,0.23190278220496552,-0.2612704690590873,0.011742798906898597,-0.13333000455729616,-0.023803273583909865,0.00793580778241576,0.2065557925875573,-0.03449534739889787,8.269839380958024e-15,1200.0,170.0
0.21203076909850807,0.23190278220496552,-0.2612704690590873,0.011742798906898597,-0.13333000455729616,-0.023803273583909865,0.00793580778241576,0.2065557925875573,-0.03449534739889787,8.269839380958024e-15,1000.0,546.0
0.21203076909850807,0.23190278220496552,-0.2612704690590873,0.011742798906898597,-0.13333000455729616,-0.023803273583909865,0.00793580778241576,0.2065557925875573,-0.03449534739889787,8.269839380958024e-15,800.0,983.0
-1.8686655409286652,0.2279655053779593,-0.3106953033401456,0.08402236123772733,-0.0006750376659565918,0.15754192824777263,-0.12934708758099908,0.13503294976039687,-0.05012608401992312,8.269839380957984e-15,25.0,1298.0
-1.8686655409286652,0.2279655053779593,-0.3106953033401456,0.08402236123772733,-0.0006750376659565918,0.15754192824777263,-0.12934708758099908,0.13503294976039687,-0.05012608401992312,8.269839380957984e-15,1000.0,259.0
-1.8686655409286652,0.2279655053779593,-0.3106953033401456,0.08402236123772733,-0.0006750376659565918,0.15754192824777263,-0.12934708758099908,0.13503294976039687,-0.05012608401992312,8.269839380957984e-15,800.0,615.0
-1.8686655409286652,0.2279655053779593,-0.3106953033401456,0.08402236123772733,-0.0006750376659565918,0.15754192824777263,-0.12934708758099908,0.13503294976039687,-0.05012608401992312,8.269839380957984e-15,600.0,1230.0
-1.740052938349162,0.37946698278025254,-0.3145594909851606,0.1144617935063702,-0.05745082966236415,0.007775791783137281,-0.02098563979564283,0.2993568524359437,-0.027024507537535183,8.269839380958033e-15,25.0,1260.0
-1.740052938349162,0.37946698278025254,-0.3145594909851606,0.1144617935063702,-0.05745082966236415,0.007775791783137281,-0.02098563979564283,0.2993568524359437,-0.027024507537535183,8.269839380958033e-15,1000.0,115.0
-1.740052938349162,0.37946698278025254,-0.3145594909851606,0.1144617935063702,-0.05745082966236415,0.007775791783137281,-0.02098563979564283,0.2993568524359437,-0.027024507537535183,8.269839380958033e-15,800.0,300.0
-1.740052938349162,0.37946698278025254,-0.3145594909851606,0.1144617935063702,-0.05745082966236415,0.007775791783137281,-0.02098563979564283,0.2993568524359437,-0.027024507537535183,8.269839380958033e-15,600.0,1035.0
-1.8777748259623264,0.2238145680542572,-0.27531388382714805,-0.15630940717048103,0.10774941219263165,0.33980895490033086,-0.2727567689614624,-0.00012189637607861077,-0.00469773636180287,8.269839380957972e-15,25.0,918.0
-1.8777748259623264,0.2238145680542572,-0.27531388382714805,-0.15630940717048103,0.10774941219263165,0.33980895490033086,-0.2727567689614624,-0.00012189637607861077,-0.00469773636180287,8.269839380957972e-15,1000.0,72.0
-1.8777748259623264,0.2238145680542572,-0.27531388382714805,-0.15630940717048103,0.10774941219263165,0.33980895490033086,-0.2727567689614624,-0.00012189637607861077,-0.00469773636180287,8.269839380957972e-15,800.0,240.0
-1.8777748259623264,0.2238145680542572,-0.27531388382714805,-0.15630940717048103,0.10774941219263165,0.33980895490033086,-0.2727567689614624,-0.00012189637607861077,-0.00469773636180287,8.269839380957972e-15,600.0,571.0
-1.7514395446412385,0.37427831112562493,-0.2703327165939137,-0.18595291700389024,0.07807973266087115,0.23560957509883504,-0.20024774152122196,0.1304132947653493,0.029760927035115115,8.269839380958018e-15,25.0,1105.0
-1.7514395446412385,0.37427831112562493,-0.2703327165939137,-0.18595291700389024,0.07807973266087115,0.23560957509883504,-0.20024774152122196,0.1304132947653493,0.029760927035115115,8.269839380958018e-15,1000.0,58.0
-1.7514395446412385,0.37427831112562493,-0.2703327165939137,-0.18595291700389024,0.07807973266087115,0.23560957509883504,-0.20024774152122196,0.1304132947653493,0.029760927035115115,8.269839380958018e-15,800.0,187.0
-1.7514395446412385,0.37427831112562493,-0.2703327165939137,-0.18595291700389024,0.07807973266087115,0.23560957509883504,-0.20024774152122196,0.1304132947653493,0.029760927035115115,8.269839380958018e-15,600.0,834.0
2.6885013812909775,-0.3780038429229953,-0.1561751398958431,0.1931988904072643,0.21865316573150914,0.08225354557193805,0.0140782965385048,-0.07852054710192823,-0.16943296236153793,8.269839364418247e-15,25.0,2034.0
2.6885013812909775,-0.3780038429229953,-0.1561751398958431,0.1931988904072643,0.21865316573150914,0.08225354557193805,0.0140782965385048,-0.07852054710192823,-0.16943296236153793,8.269839364418247e-15,1200.0,750.0
2.573191229215267,-0.33437522919283524,-0.16857140287315717,0.1820768215579051,0.21545290007731524,0.09545599584867895,0.03558854719289592,-0.07169997438249966,-0.15802704304268805,8.269839397497614e-15,25.0,2050.0
2.573191229215267,-0.33437522919283524,-0.16857140287315717,0.1820768215579051,0.21545290007731524,0.09545599584867895,0.03558854719289592,-0.07169997438249966,-0.15802704304268805,8.269839397497614e-15,1200.0,586.0
2.850600865153028,-0.4393356084101415,-0.1387488560610632,0.20883395401083987,0.22315200237372812,0.06369394787678521,-0.0161601517926582,-0.08810869894108929,-0.1854670540390695,8.269839380957912e-15,25.0,2327.0
2.850600865153028,-0.4393356084101415,-0.1387488560610632,0.20883395401083987,0.22315200237372812,0.06369394787678521,-0.0161601517926582,-0.08810869894108929,-0.1854670540390695,8.269839380957912e-15,1200.0,979.0
4.469503189946911,0.23309303562310285,0.03582453032186467,-0.13503663235664887,-0.035921304915803955,0.11012013511971246,-0.05860353104221676,0.2755990309033514,0.03639034085918793,8.269839389227945e-15,25.0,822.0
4.469503189946911,0.23309303562310285,0.03582453032186467,-0.13503663235664887,-0.035921304915803955,0.11012013511971246,-0.05860353104221676,0.2755990309033514,0.03639034085918793,8.269839389227945e-15,300.0,590.0
4.469503189946911,0.23309303562310285,0.03582453032186467,-0.13503663235664887,-0.035921304915803955,0.11012013511971246,-0.05860353104221676,0.2755990309033514,0.03639034085918793,8.269839389227945e-15,200.0,650.0
4.469503189946911,0.23309303562310285,0.03582453032186467,-0.13503663235664887,-0.035921304915803955,0.11012013511971246,-0.05860353104221676,0.2755990309033514,0.03639034085918793,8.269839389227945e-15,100.0,765.0
4.469503189946911,0.23309303562310285,0.03582453032186467,-0.13503663235664887,-0.035921304915803955,0.11012013511971246,-0.05860353104221676,0.2755990309033514,0.03639034085918793,8.269839389227945e-15,60.0,795.0
-1.6470260817802207,0.5426902014459639,-0.05268628213145421,-0.24544330114940385,-0.09928328519369994,0.015676430712460804,-0.019459870555301934,0.1955503543758638,0.028579093321767873,8.269839380958071e-15,25.0,1150.0
1.1215706043825417,0.7734458986948314,-0.1460261578332723,-0.11969632955226112,0.046311700937584015,0.08064811043562017,0.08347116844153715,0.14697241195840635,0.07171401888890208,8.269839380958093e-15,25.0,903.0
0.5256210311353271,0.6908048041677877,-0.048572081327301175,-0.12651853265620155,0.01953573457133294,0.06601251317550644,0.0033484935455258547,0.19496143122441756,0.05282519445121191,8.26983938095809e-15,25.0,1150.0
0.5256210311353271,0.6908048041677877,-0.048572081327301175,-0.12651853265620155,0.01953573457133294,0.06601251317550644,0.0033484935455258547,0.19496143122441756,0.05282519445121191,8.26983938095809e-15,25.0,1100.0
0.5256210311353271,0.6908048041677877,-0.048572081327301175,-0.12651853265620155,0.01953573457133294,0.06601251317550644,0.0033484935455258547,0.19496143122441756,0.05282519445121191,8.26983938095809e-15,25.0,890.0
0.5256210311353271,0.6908048041677877,-0.048572081327301175,-0.12651853265620155,0.01953573457133294,0.06601251317550644,0.0033484935455258547,0.19496143122441756,0.05282519445121191,8.26983938095809e-15,72.0,1040.0
0.5256210311353271,0.6908048041677877,-0.048572081327301175,-0.12651853265620155,0.01953573457133294,0.06601251317550644,0.0033484935455258547,0.19496143122441756,0.05282519445121191,8.26983938095809e-15,72.0,1020.0
0.5256210311353271,0.6908048041677877,-0.048572081327301175,-0.12651853265620155,0.01953573457133294,0.06601251317550644,0.0033484935455258547,0.19496143122441756,0.05282519445121191,8.26983938095809e-15,72.0,640.0
0.5256210311353271,0.6908048041677877,-0.048572081327301175,-0.12651853265620155,0.01953573457133294,0.06601251317550644,0.0033484935455258547,0.19496143122441756,0.05282519445121191,8.26983938095809e-15,-43.0,1200.0
0.5256210311353271,0.6908048041677877,-0.048572081327301175,-0.12651853265620155,0.01953573457133294,0.06601251317550644,0.0033484935455258547,0.19496143122441756,0.05282519445121191,8.26983938095809e-15,-43.0,1180.0
0.5256210311353271,0.6908048041677877,-0.048572081327301175,-0.12651853265620155,0.01953573457133294,0.06601251317550644,0.0033484935455258547,0.19496143122441756,0.05282519445121191,8.26983938095809e-15,-43.0,1020.0
0.5256210311353271,0.6908048041677877,-0.048572081327301175,-0.12651853265620155,0.01953573457133294,0.06601251317550644,0.0033484935455258547,0.19496143122441756,0.05282519445121191,8.26983938095809e-15,-103.0,1380.0
0.5256210311353271,0.6908048041677877,-0.048572081327301175,-0.12651853265620155,0.01953573457133294,0.06601251317550644,0.0033484935455258547,0.19496143122441756,0.05282519445121191,8.26983938095809e-15,-103.0,1370.0
0.5256210311353271,0.6908048041677877,-0.048572081327301175,-0.12651853265620155,0.01953573457133294,0.06601251317550644,0.0033484935455258547,0.19496143122441756,0.05282519445121191,8.26983938095809e-15,-103.0,1250.0
0.5256210311353271,0.6908048041677877,-0.048572081327301175,-0.12651853265620155,0.01953573457133294,0.06601251317550644,0.0033484935455258547,0.19496143122441756,0.05282519445121191,8.26983938095809e-15,-153.0,1640.0
0.5256210311353271,0.6908048041677877,-0.048572081327301175,-0.12651853265620155,0.01953573457133294,0.06601251317550644,0.0033484935455258547,0.19496143122441756,0.05282519445121191,8.26983938095809e-15,-153.0,1550.0
0.5256210311353271,0.6908048041677877,-0.048572081327301175,-0.12651853265620155,0.01953573457133294,0.06601251317550644,0.0033484935455258547,0.19496143122441756,0.05282519445121191,8.26983938095809e-15,-153.0,1370.0
0.5256210311353271,0.6908048041677877,-0.048572081327301175,-0.12651853265620155,0.01953573457133294,0.06601251317550644,0.0033484935455258547,0.19496143122441756,0.05282519445121191,8.26983938095809e-15,-196.0,1920.0
0.5256210311353271,0.6908048041677877,-0.048572081327301175,-0.12651853265620155,0.01953573457133294,0.06601251317550644,0.0033484935455258547,0.19496143122441756,0.05282519445121191,8.26983938095809e-15,-196.0,1880.0
0.5256210311353271,0.6908048041677877,-0.048572081327301175,-0.12651853265620155,0.01953573457133294,0.06601251317550644,0.0033484935455258547,0.19496143122441756,0.05282519445121191,8.26983938095809e-15,-196.0,1750.0
0.5256210311353271,0.6908048041677877,-0.048572081327301175,-0.12651853265620155,0.01953573457133294,0.06601251317550644,0.0033484935455258547,0.19496143122441756,0.05282519445121191,8.26983938095809e-15,-268.8,2390.0
0.5256210311353271,0.6908048041677877,-0.048572081327301175,-0.12651853265620155,0.01953573457133294,0.06601251317550644,0.0033484935455258547,0.19496143122441756,0.05282519445121191,8.26983938095809e-15,-268.8,2250.0
0.5256210311353271,0.6908048041677877,-0.048572081327301175,-0.12651853265620155,0.01953573457133294,0.06601251317550644,0.0033484935455258547,0.19496143122441756,0.05282519445121191,8.26983938095809e-15,-268.8,2210.0
2.22933769080105,0.5040849284647362,0.0899947889464491,-0.11973742221264841,-0.04869588748739896,0.03244889320859824,-0.02328622187150732,0.14395676080670433,0.015406493754867486,8.269839364418394e-15,25.0,1112.0
2.018475384995099,0.45787883726433565,0.08060283526479711,-0.15136273428856276,-0.08539664778283958,0.017181316710994404,-0.01048710847139768,0.12274878150510654,0.008405293293349738,8.269839389227907e-15,25.0,1317.0
1.8259489149891555,0.41569066324988174,0.07202757250922662,-0.18023801915282098,-0.11890603804921282,0.003241355079053515,0.0011990389276496372,0.10338497307971523,0.0020128926479338807,8.269839364418383e-15,25.0,1373.0
1.6494663357210295,0.37701817450473946,0.06416691573280521,-0.20670703060828569,-0.14962297890031986,-0.009536942633606812,0.011911340359341077,0.08563481664891864,-0.003846807733810324,8.269839397497734e-15,25.0,1512.0
2.4612862436420553,0.5549116324733612,0.10032593867986173,-0.08494957886799409,-0.008325050613085729,0.049243227863828315,-0.0373652470166254,0.16728553926800832,0.023107814498217832,8.269839380958082e-15,25.0,1015.0
-1.8644123470826872,0.31268907500946236,0.2031812812662238,-0.17128445171092696,-0.13135229369454493,0.27713323548572033,0.06713059025552919,0.0938698768793873,-0.019348279035437208,8.269839380958096e-15,25.0,1260.0
-1.8644123470826872,0.31268907500946236,0.2031812812662238,-0.17128445171092696,-0.13135229369454493,0.27713323548572033,0.06713059025552919,0.0938698768793873,-0.019348279035437208,8.269839380958096e-15,1200.0,60.0
-1.8644123470826872,0.31268907500946236,0.2031812812662238,-0.17128445171092696,-0.13135229369454493,0.27713323548572033,0.06713059025552919,0.0938698768793873,-0.019348279035437208,8.269839380958096e-15,1000.0,368.0
1.6494663357210295,0.37701817450473946,0.06416691573280521,-0.20670703060828569,-0.14962297890031986,-0.009536942633606812,0.011911340359341077,0.08563481664891864,-0.003846807733810324,8.269839397497734e-15,25.0,1512.0
1.6494663357210295,0.37701817450473946,0.06416691573280521,-0.20670703060828569,-0.14962297890031986,-0.009536942633606812,0.011911340359341077,0.08563481664891864,-0.003846807733810324,8.269839397497734e-15,1200.0,556.0
1.6494663357210295,0.37701817450473946,0.06416691573280521,-0.20670703060828569,-0.14962297890031986,-0.009536942633606812,0.011911340359341077,0.08563481664891864,-0.003846807733810324,8.269839397497734e-15,1000.0,814.0
1.6494663357210295,0.37701817450473946,0.06416691573280521,-0.20670703060828569,-0.14962297890031986,-0.009536942633606812,0.011911340359341077,0.08563481664891864,-0.003846807733810324,8.269839397497734e-15,800.0,1007.0
2.462235565817454,0.5469735835344691,0.013492041342454714,-0.17846073467357426,-0.13686160159592947,-0.0726069407762522,0.08773810253551728,-0.0675676727195025,-0.00686472811980297,8.269839380958027e-15,25.0,1600.0
2.462235565817454,0.5469735835344691,0.013492041342454714,-0.17846073467357426,-0.13686160159592947,-0.0726069407762522,0.08773810253551728,-0.0675676727195025,-0.00686472811980297,8.269839380958027e-15,1200.0,404.0
2.462235565817454,0.5469735835344691,0.013492041342454714,-0.17846073467357426,-0.13686160159592947,-0.0726069407762522,0.08773810253551728,-0.0675676727195025,-0.00686472811980297,8.269839380958027e-15,1000.0,855.0
2.462235565817454,0.5469735835344691,0.013492041342454714,-0.17846073467357426,-0.13686160159592947,-0.0726069407762522,0.08773810253551728,-0.0675676727195025,-0.00686472811980297,8.269839380958027e-15,800.0,1045.0
-1.7107132853846978,0.4932735925667996,0.0729204113127872,-0.25149402180330277,-0.17603141637468211,-0.012084076117867909,0.01650382458400962,0.1040973990007446,-0.006588670303158458,8.269839380958057e-15,25.0,1719.0
-1.7107132853846978,0.4932735925667996,0.0729204113127872,-0.25149402180330277,-0.17603141637468211,-0.012084076117867909,0.01650382458400962,0.1040973990007446,-0.006588670303158458,8.269839380958057e-15,25.0,1575.0
-1.7107132853846978,0.4932735925667996,0.0729204113127872,-0.25149402180330277,-0.17603141637468211,-0.012084076117867909,0.01650382458400962,0.1040973990007446,-0.006588670303158458,8.269839380958057e-15,1200.0,187.0
-1.7107132853846978,0.4932735925667996,0.0729204113127872,-0.25149402180330277,-0.17603141637468211,-0.012084076117867909,0.01650382458400962,0.1040973990007446,-0.006588670303158458,8.269839380958057e-15,1100.0,397.0
-1.7107132853846978,0.4932735925667996,0.0729204113127872,-0.25149402180330277,-0.17603141637468211,-0.012084076117867909,0.01650382458400962,0.1040973990007446,-0.006588670303158458,8.269839380958057e-15,1000.0,635.0
-1.7107132853846978,0.4932735925667996,0.0729204113127872,-0.25149402180330277,-0.17603141637468211,-0.012084076117867909,0.01650382458400962,0.1040973990007446,-0.006588670303158458,8.269839380958057e-15,900.0,728.0
-1.7107132853846978,0.4932735925667996,0.0729204113127872,-0.25149402180330277,-0.17603141637468211,-0.012084076117867909,0.01650382458400962,0.1040973990007446,-0.006588670303158458,8.269839380958057e-15,800.0,825.0
-0.3159749905352594,0.9964982956778736,0.019736323611520667,-0.05529756344264552,0.04910716136931443,0.036623409299028215,0.08795104691428368,0.05048633501425622,0.04252051407114425,8.269839389227915e-15,25.0,540.0
2.4612862436420553,0.5549116324733612,0.10032593867986173,-0.08494957886799409,-0.008325050613085729,0.049243227863828315,-0.0373652470166254,0.16728553926800832,0.023107814498217832,8.269839380958082e-15,25.0,1520.0
2.4612862436420553,0.5549116324733612,0.10032593867986173,-0.08494957886799409,-0.008325050613085729,0.049243227863828315,-0.0373652470166254,0.16728553926800832,0.023107814498217832,8.269839380958082e-15,25.0,795.0
2.4612862436420553,0.5549116324733612,0.10032593867986173,-0.08494957886799409,-0.008325050613085729,0.049243227863828315,-0.0373652470166254,0.16728553926800832,0.023107814498217832,8.269839380958082e-15,25.0,1900.0
2.4612862436420553,0.5549116324733612,0.10032593867986173,-0.08494957886799409,-0.008325050613085729,0.049243227863828315,-0.0373652470166254,0.16728553926800832,0.023107814498217832,8.269839380958082e-15,25.0,830.0
2.4612862436420553,0.5549116324733612,0.10032593867986173,-0.08494957886799409,-0.008325050613085729,0.049243227863828315,-0.0373652470166254,0.16728553926800832,0.023107814498217832,8.269839380958082e-15,25.0,1303.0
2.4612862436420553,0.5549116324733612,0.10032593867986173,-0.08494957886799409,-0.008325050613085729,0.049243227863828315,-0.0373652470166254,0.16728553926800832,0.023107814498217832,8.269839380958082e-15,25.0,1202.0
2.4612862436420553,0.5549116324733612,0.10032593867986173,-0.08494957886799409,-0.008325050613085729,0.049243227863828315,-0.0373652470166254,0.16728553926800832,0.023107814498217832,8.269839380958082e-15,25.0,1145.0
2.4612862436420553,0.5549116324733612,0.10032593867986173,-0.08494957886799409,-0.008325050613085729,0.049243227863828315,-0.0373652470166254,0.16728553926800832,0.023107814498217832,8.269839380958082e-15,25.0,958.0
2.4612862436420553,0.5549116324733612,0.10032593867986173,-0.08494957886799409,-0.008325050613085729,0.049243227863828315,-0.0373652470166254,0.16728553926800832,0.023107814498217832,8.269839380958082e-15,25.0,944.0
2.4612862436420553,0.5549116324733612,0.10032593867986173,-0.08494957886799409,-0.008325050613085729,0.049243227863828315,-0.0373652470166254,0.16728553926800832,0.023107814498217832,8.269839380958082e-15,25.0,940.0
2.4612862436420553,0.5549116324733612,0.10032593867986173,-0.08494957886799409,-0.008325050613085729,0.049243227863828315,-0.0373652470166254,0.16728553926800832,0.023107814498217832,8.269839380958082e-15,25.0,940.0
2.4612862436420553,0.5549116324733612,0.10032593867986173,-0.08494957886799409,-0.008325050613085729,0.049243227863828315,-0.0373652470166254,0.16728553926800832,0.023107814498217832,8.269839380958082e-15,25.0,929.0
2.4612862436420553,0.5549116324733612,0.10032593867986173,-0.08494957886799409,-0.008325050613085729,0.049243227863828315,-0.0373652470166254,0.16728553926800832,0.023107814498217832,8.269839380958082e-15,25.0,905.0
2.4612862436420553,0.5549116324733612,0.10032593867986173,-0.08494957886799409,-0.008325050613085729,0.049243227863828315,-0.0373652470166254,0.16728553926800832,0.023107814498217832,8.269839380958082e-15,25.0,890.0
2.4612862436420553,0.5549116324733612,0.10032593867986173,-0.08494957886799409,-0.008325050613085729,0.049243227863828315,-0.0373652470166254,0.16728553926800832,0.023107814498217832,8.269839380958082e-15,25.0,828.0
2.4612862436420553,0.5549116324733612,0.10032593867986173,-0.08494957886799409,-0.008325050613085729,0.049243227863828315,-0.0373652470166254,0.16728553926800832,0.023107814498217832,8.269839380958082e-15,25.0,827.0
2.4612862436420553,0.5549116324733612,0.10032593867986173,-0.08494957886799409,-0.008325050613085729,0.049243227863828315,-0.0373652470166254,0.16728553926800832,0.023107814498217832,8.269839380958082e-15,25.0,820.0
2.4612862436420553,0.5549116324733612,0.10032593867986173,-0.08494957886799409,-0.008325050613085729,0.049243227863828315,-0.0373652470166254,0.16728553926800832,0.023107814498217832,8.269839380958082e-15,25.0,803.0
2.4612862436420553,0.5549116324733612,0.10032593867986173,-0.08494957886799409,-0.008325050613085729,0.049243227863828315,-0.0373652470166254,0.16728553926800832,0.023107814498217832,8.269839380958082e-15,1200.0,92.0
2.4612862436420553,0.5549116324733612,0.10032593867986173,-0.08494957886799409,-0.008325050613085729,0.049243227863828315,-0.0373652470166254,0.16728553926800832,0.023107814498217832,8.269839380958082e-15,1000.0,295.0
2.4612862436420553,0.5549116324733612,0.10032593867986173,-0.08494957886799409,-0.008325050613085729,0.049243227863828315,-0.0373652470166254,0.16728553926800832,0.023107814498217832,8.269839380958082e-15,800.0,550.0
2.4612862436420553,0.5549116324733612,0.10032593867986173,-0.08494957886799409,-0.008325050613085729,0.049243227863828315,-0.0373652470166254,0.16728553926800832,0.023107814498217832,8.269839380958082e-15,800.0,543.0
2.4612862436420553,0.5549116324733612,0.10032593867986173,-0.08494957886799409,-0.008325050613085729,0.049243227863828315,-0.0373652470166254,0.16728553926800832,0.023107814498217832,8.269839380958082e-15,800.0,535.0
2.4612862436420553,0.5549116324733612,0.10032593867986173,-0.08494957886799409,-0.008325050613085729,0.049243227863828315,-0.0373652470166254,0.16728553926800832,0.023107814498217832,8.269839380958082e-15,800.0,475.0
2.4612862436420553,0.5549116324733612,0.10032593867986173,-0.08494957886799409,-0.008325050613085729,0.049243227863828315,-0.0373652470166254,0.16728553926800832,0.023107814498217832,8.269839380958082e-15,800.0,285.0
2.4612862436420553,0.5549116324733612,0.10032593867986173,-0.08494957886799409,-0.008325050613085729,0.049243227863828315,-0.0373652470166254,0.16728553926800832,0.023107814498217832,8.269839380958082e-15,600.0,675.0
2.4612862436420553,0.5549116324733612,0.10032593867986173,-0.08494957886799409,-0.008325050613085729,0.049243227863828315,-0.0373652470166254,0.16728553926800832,0.023107814498217832,8.269839380958082e-15,400.0,790.0
2.4612862436420553,0.5549116324733612,0.10032593867986173,-0.08494957886799409,-0.008325050613085729,0.049243227863828315,-0.0373652470166254,0.16728553926800832,0.023107814498217832,8.269839380958082e-15,25.0,929.0
3.358008802149158,0.4273654147692001,0.2669587622336679,-0.06251573615980262,-0.038605862420230556,-0.06818345668792894,-0.22809935859913477,0.17233616863815332,-0.023075175570354423,8.26983938095804e-15,25.0,2310.0
3.358008802149158,0.4273654147692001,0.2669587622336679,-0.06251573615980262,-0.038605862420230556,-0.06818345668792894,-0.22809935859913477,0.17233616863815332,-0.023075175570354423,8.26983938095804e-15,25.0,2100.0
3.358008802149158,0.4273654147692001,0.2669587622336679,-0.06251573615980262,-0.038605862420230556,-0.06818345668792894,-0.22809935859913477,0.17233616863815332,-0.023075175570354423,8.26983938095804e-15,25.0,1995.0
3.358008802149158,0.4273654147692001,0.2669587622336679,-0.06251573615980262,-0.038605862420230556,-0.06818345668792894,-0.22809935859913477,0.17233616863815332,-0.023075175570354423,8.26983938095804e-15,25.0,1740.0
3.358008802149158,0.4273654147692001,0.2669587622336679,-0.06251573615980262,-0.038605862420230556,-0.06818345668792894,-0.22809935859913477,0.17233616863815332,-0.023075175570354423,8.26983938095804e-15,25.0,1315.0
-1.5359833008114485,0.744704270674146,0.12030756408410409,-0.11049395554681363,-0.006011115833098886,0.060754353604249856,-0.04394378854404736,0.21077644811946764,0.02641914183299927,8.26983938095809e-15,25.0,879.0
1.0737036505021922,0.991138937917626,0.05054374830191771,-0.025631218593481768,0.0536332601037535,-0.018092983471096696,0.0550079070825269,-0.0032978554244018337,0.02893493386480882,8.269839380958052e-15,25.0,400.0
1.5701796707235887,0.9569847145855049,0.049682482322056076,-0.024406671585050617,0.051598573030994035,-0.017484648967768357,0.05312050749163985,-0.003394433733237454,0.028390007362455286,8.269839389227893e-15,25.0,700.0
2.0390736953720365,0.9247279467174981,0.04886906439306318,-0.02325015492557827,0.04967692405138672,-0.016910110800604672,0.05133796335667237,-0.0034856465786334313,0.027875354520144356,8.269839389227891e-15,25.0,800.0
3.6802027631912417,0.8118292593837328,0.04602210162118847,-0.01920234663465297,0.0429511526403419,-0.014899227218730493,0.04509905889533722,-0.003804891530841249,0.026074069562193634,8.269839380958052e-15,25.0,1500.0
-1.6407471575270316,0.5030872396299492,-0.26068432331239927,-0.23498421760937677,0.020061169588749872,0.11249117305207051,-0.11211956551132826,0.2514632828384525,0.06028070267246814,8.269839380958062e-15,25.0,932.0
-1.6834630493728895,0.44666855390952326,-0.25268120541943695,-0.2672347766998704,-0.028615151477293738,0.089384008228856,-0.09154101879874435,0.21956983453538784,0.04923066833261101,8.269839380958052e-15,25.0,1312.0
-1.7973600374710603,0.3124136072629025,-0.25960914617210173,-0.2298744083816881,0.012903522137709393,0.19800161944098896,-0.16825643823326086,0.09880640480671814,0.018013426195590498,8.26983939749769e-15,25.0,1289.0
-1.721682532096657,0.3961886765080271,-0.24552052091585963,-0.29609054038115984,-0.07216764971806076,0.06870917642574348,-0.07312863477116148,0.1910335908723102,0.03934379535918261,8.269839380958048e-15,25.0,1301.0
-1.8245721738207172,0.27575304074007057,-0.2532544366938334,-0.255901957839696,-0.025719417446952317,0.1757154226892114,-0.1492986281922056,0.08007639554755104,0.011051944148184892,8.269839372688168e-15,25.0,1473.0
-1.7560800673166665,0.3507567858901347,-0.23907590482108285,-0.32206072782756295,-0.11136489838974933,0.050101828004120746,-0.056557489252956145,0.16535097087218678,0.030445609477910075,8.269839380958041e-15,25.0,1436.0
-1.8494683868122588,0.24221252297174473,-0.24744055400616344,-0.27971439711032847,-0.061055298326592115,0.15532592387557875,-0.13195424908377335,0.06294042979928531,0.004682928688433197,8.269839364418326e-15,25.0,1706.0
-1.841326129694806,0.23816471051132151,-0.2231044647094224,-0.386421626854358,-0.20850590576256764,0.003987963732738936,-0.015489867211257446,0.1017027399019502,0.008393583948304,8.269839372688187e-15,25.0,1603.0
-1.912883275570578,0.15677912944844397,-0.23263160840368352,-0.3403687245940994,-0.15106178764671546,0.103390408539818,-0.08777517065612953,0.019292215346545728,-0.01154003521457834,8.269839372688155e-15,25.0,1496.0
-1.8650055918359574,0.2068891343062966,-0.21866795371761835,-0.40429965409248697,-0.23548951844359056,-0.00882144255956649,-0.004082194782024498,0.08402267579982572,0.002268021336434804,8.269839372688184e-15,25.0,1576.0
-1.9309469135821282,0.1324435573521926,-0.22841330314375427,-0.3576460182230006,-0.17669999966179778,0.08859665606783876,-0.07519082742801471,0.006859087797800152,-0.016161121858201774,8.269839389227833e-15,25.0,1603.0
-1.9477429190735067,0.1098157432713465,-0.22449101805926658,-0.3737108690139527,-0.20053903887359842,0.07484106075551296,-0.06348959523336285,-0.004701540007150675,-0.020457921790592963,8.269839364418312e-15,25.0,1645.0
-1.9708374391854324,0.07870250146607513,-0.21909787797500346,-0.3958000402551191,-0.2333177173502803,0.05592711881240234,-0.04740040233516386,-0.02059740236639231,-0.026366021506631844,8.269839389227826e-15,25.0,1765.0
-1.8016768027591616,0.2905331186279878,-0.23053304213922315,-0.3564863256801888,-0.16332404198276473,0.02543627296124032,-0.034591087018706196,0.1313065686920324,0.0186503400971387,8.269839397497712e-15,25.0,1455.0
-1.88307828044853,0.1969328249279826,-0.23959181322962705,-0.31186119096896414,-0.10875873757950608,0.1278001010778002,-0.10853933779773005,0.03980687631744993,-0.003915242141465779,8.269839380958e-15,25.0,1779.0
-1.6174475796802876,0.5338610688374006,-0.26504966044047196,-0.2173930031728737,0.04661189075122801,0.125095081433127,-0.12334422761339661,0.268859709533206,0.06630799425338653,8.269839380958065e-15,25.0,866.0
-1.7514395446412385,0.37427831112562493,-0.2703327165939137,-0.18595291700389024,0.07807973266087115,0.23560957509883504,-0.20024774152122196,0.1304132947653493,0.029760927035115115,8.269839380958018e-15,25.0,1104.0
2.592394094359202,-0.40963533785402717,0.06394130087292965,-0.3524603115895368,-0.013992690633960247,-0.05058571297941416,0.09796737616816867,0.136968356807902,-0.07178326583020071,8.269839389227886e-15,25.0,1109.0
2.3858386386167387,-0.3277057897128184,0.028933152907799776,-0.3425839018363033,-0.006948752373397482,-0.018944841585398088,0.13283425530280277,0.13753028237798506,-0.056248652207295455,8.269839372688218e-15,25.0,1211.0
2.2010258731305017,-0.25440040643542305,-0.00238992645892519,-0.33374711554010134,-0.0006462813812114776,0.00936541144055933,0.16403093685639294,0.1380330584047017,-0.04234926140925912,8.269839389227907e-15,25.0,1304.0
2.034694377863684,-0.18842556070747127,-0.030580697910476635,-0.3257940069310745,0.005025942519237742,0.034844639163177066,0.19210794982341453,0.13848555644270666,-0.02983980955993902,8.269839380958077e-15,25.0,1455.0
2.824768969926194,-0.5018060767068404,0.1033254664957449,-0.36357127123865307,-0.021917121004826234,-0.08618169256374296,0.05874213745091516,0.1363361901065262,-0.08925970564305048,8.269839380958033e-15,25.0,996.0
2.02352628431813,-0.1004821632603401,-0.12802627681809625,-0.2717250368641877,-0.14957938899313541,0.2562260836534075,0.008559809223162337,0.02943414593941371,-0.010441446924670125,8.269839380958043e-15,25.0,1400.0
1.298392658942076,-0.2200280350681511,-0.0746903405347921,-0.2777842343042712,0.041926307236496374,0.1551382786306431,0.06629114519835701,0.028360853602012213,-0.04862190638877213,8.269839397497708e-15,25.0,1515.0
1.298392658942076,-0.2200280350681511,-0.0746903405347921,-0.2777842343042712,0.041926307236496374,0.1551382786306431,0.06629114519835701,0.028360853602012213,-0.04862190638877213,8.269839397497708e-15,1200.0,659.0
1.298392658942076,-0.2200280350681511,-0.0746903405347921,-0.2777842343042712,0.041926307236496374,0.1551382786306431,0.06629114519835701,0.028360853602012213,-0.04862190638877213,8.269839397497708e-15,1000.0,752.8
1.298392658942076,-0.2200280350681511,-0.0746903405347921,-0.2777842343042712,0.041926307236496374,0.1551382786306431,0.06629114519835701,0.028360853602012213,-0.04862190638877213,8.269839397497708e-15,800.0,791.3
1.298392658942076,-0.2200280350681511,-0.0746903405347921,-0.2777842343042712,0.041926307236496374,0.1551382786306431,0.06629114519835701,0.028360853602012213,-0.04862190638877213,8.269839397497708e-15,600.0,973.0
2.034694377863684,-0.18842556070747127,-0.030580697910476635,-0.3257940069310745,0.005025942519237742,0.034844639163177066,0.19210794982341453,0.13848555644270666,-0.02983980955993902,8.269839380958077e-15,25.0,1343.0
2.034694377863684,-0.18842556070747127,-0.030580697910476635,-0.3257940069310745,0.005025942519237742,0.034844639163177066,0.19210794982341453,0.13848555644270666,-0.02983980955993902,8.269839380958077e-15,1200.0,586.0
2.034694377863684,-0.18842556070747127,-0.030580697910476635,-0.3257940069310745,0.005025942519237742,0.034844639163177066,0.19210794982341453,0.13848555644270666,-0.02983980955993902,8.269839380958077e-15,1000.0,620.0
2.034694377863684,-0.18842556070747127,-0.030580697910476635,-0.3257940069310745,0.005025942519237742,0.034844639163177066,0.19210794982341453,0.13848555644270666,-0.02983980955993902,8.269839380958077e-15,800.0,674.0
2.034694377863684,-0.18842556070747127,-0.030580697910476635,-0.3257940069310745,0.005025942519237742,0.034844639163177066,0.19210794982341453,0.13848555644270666,-0.02983980955993902,8.269839380958077e-15,600.0,689.0
2.2836177940920193,0.23168912170826964,-0.17646421526503153,-0.3008685318321385,-0.15756052159004744,-0.022881448763034162,0.0018090217653672636,0.1429237892782422,0.026563736880247605,8.269839380958052e-15,25.0,1390.0
2.2836177940920193,0.23168912170826964,-0.17646421526503153,-0.3008685318321385,-0.15756052159004744,-0.022881448763034162,0.0018090217653672636,0.1429237892782422,0.026563736880247605,8.269839380958052e-15,25.0,1375.0
2.2836177940920193,0.23168912170826964,-0.17646421526503153,-0.3008685318321385,-0.15756052159004744,-0.022881448763034162,0.0018090217653672636,0.1429237892782422,0.026563736880247605,8.269839380958052e-15,25.0,1100.0
2.8108088529942523,-0.3918768298979265,-0.01848150713877962,-0.2959850586550445,-0.21517378539529267,0.1905451130490451,-0.17069303829940008,2.1926977410019477e-05,-0.06501175234896438,8.269839380957989e-15,25.0,1525.0
1.7831919856916192,-0.4770529422117152,0.02361266264457887,-0.2984040905582913,0.027751929260073777,0.08237594077026841,-0.0655648657837527,0.004616419896862933,-0.09991424250433537,8.269839380957984e-15,25.0,2612.0
1.7831919856916192,-0.4770529422117152,0.02361266264457887,-0.2984040905582913,0.027751929260073777,0.08237594077026841,-0.0655648657837527,0.004616419896862933,-0.09991424250433537,8.269839380957984e-15,25.0,1246.0
1.7831919856916192,-0.4770529422117152,0.02361266264457887,-0.2984040905582913,0.027751929260073777,0.08237594077026841,-0.0655648657837527,0.004616419896862933,-0.09991424250433537,8.269839380957984e-15,1600.0,477.0
1.7831919856916192,-0.4770529422117152,0.02361266264457887,-0.2984040905582913,0.027751929260073777,0.08237594077026841,-0.0655648657837527,0.004616419896862933,-0.09991424250433537,8.269839380957984e-15,1400.0,656.0
1.7831919856916192,-0.4770529422117152,0.02361266264457887,-0.2984040905582913,0.027751929260073777,0.08237594077026841,-0.0655648657837527,0.004616419896862933,-0.09991424250433537,8.269839380957984e-15,1200.0,735.0
1.7831919856916192,-0.4770529422117152,0.02361266264457887,-0.2984040905582913,0.027751929260073777,0.08237594077026841,-0.0655648657837527,0.004616419896862933,-0.09991424250433537,8.269839380957984e-15,1000.0,842.0
1.7831919856916192,-0.4770529422117152,0.02361266264457887,-0.2984040905582913,0.027751929260073777,0.08237594077026841,-0.0655648657837527,0.004616419896862933,-0.09991424250433537,8.269839380957984e-15,800.0,846.0
1.7831919856916192,-0.4770529422117152,0.02361266264457887,-0.2984040905582913,0.027751929260073777,0.08237594077026841,-0.0655648657837527,0.004616419896862933,-0.09991424250433537,8.269839380957984e-15,600.0,862.0
2.824768969926194,-0.5018060767068404,0.1033254664957449,-0.36357127123865307,-0.021917121004826234,-0.08618169256374296,0.05874213745091516,0.1363361901065262,-0.08925970564305048,8.269839380958033e-15,25.0,1058.0
2.824768969926194,-0.5018060767068404,0.1033254664957449,-0.36357127123865307,-0.021917121004826234,-0.08618169256374296,0.05874213745091516,0.1363361901065262,-0.08925970564305048,8.269839380958033e-15,1600.0,405.0
2.824768969926194,-0.5018060767068404,0.1033254664957449,-0.36357127123865307,-0.021917121004826234,-0.08618169256374296,0.05874213745091516,0.1363361901065262,-0.08925970564305048,8.269839380958033e-15,1400.0,421.0
2.824768969926194,-0.5018060767068404,0.1033254664957449,-0.36357127123865307,-0.021917121004826234,-0.08618169256374296,0.05874213745091516,0.1363361901065262,-0.08925970564305048,8.269839380958033e-15,1200.0,506.0
2.824768969926194,-0.5018060767068404,0.1033254664957449,-0.36357127123865307,-0.021917121004826234,-0.08618169256374296,0.05874213745091516,0.1363361901065262,-0.08925970564305048,8.269839380958033e-15,1000.0,548.0
2.824768969926194,-0.5018060767068404,0.1033254664957449,-0.36357127123865307,-0.021917121004826234,-0.08618169256374296,0.05874213745091516,0.1363361901065262,-0.08925970564305048,8.269839380958033e-15,800.0,552.0
2.824768969926194,-0.5018060767068404,0.1033254664957449,-0.36357127123865307,-0.021917121004826234,-0.08618169256374296,0.05874213745091516,0.1363361901065262,-0.08925970564305048,8.269839380958033e-15,600.0,561.0
-1.794836340043671,0.2983986895338708,-0.22977180056834934,-0.3602363367490603,-0.16790936169149825,0.016834270190304756,-0.028376947983953016,0.13899561865635232,0.020546607573798396,8.269839389227875e-15,25.0,1750.0
-1.827518537421217,0.2608187390181857,-0.23340884193727843,-0.3423196154191022,-0.1460017227556354,0.05793272623892151,-0.058066722081363986,0.1022590470217731,0.011486663159048564,8.269839372688184e-15,25.0,1640.0
-1.8567605101580196,0.2271945740582928,-0.23666303770152913,-0.3262888661969435,-0.12640015180586303,0.09470502890784663,-0.0846312567810616,0.06938948361100993,0.003380397220230879,8.269839389227848e-15,25.0,1680.0
-1.928536252449625,0.14466253151271818,-0.24465060797704657,-0.28694066188025746,-0.07828720421241328,0.18496431699262936,-0.14983511439526462,-0.011290354353771369,-0.01651680104961977,8.26983938922782e-15,25.0,1720.0
-1.9664178937979413,0.10110395398169814,-0.24886627002053074,-0.26617355427488915,-0.05289425992852604,0.23260116295781505,-0.18424826109088274,-0.05387137947790352,-0.02701810002097111,8.269839389227803e-15,25.0,1520.0
-2.025946188416804,0.0326547594865812,-0.2554908819223917,-0.23353952745046933,-0.012991061049874318,0.3074590651076918,-0.23832606401454015,-0.1207844201631174,-0.0435201415587028,8.269839389227777e-15,25.0,1415.0
-1.88307828044853,0.1969328249279826,-0.23959181322962705,-0.31186119096896414,-0.10875873757950608,0.1278001010778002,-0.10853933779773005,0.03980687631744993,-0.003915242141465779,8.269839380958e-15,25.0,1770.0
-1.7580688627489929,0.3406761322177817,-0.22568012834701248,-0.3803926467519941,-0.192555454554301,-0.02940149217932822,0.005024047433443479,0.18032426063225998,0.030739044810536482,8.269839380958052e-15,25.0,1560.0
3.131816161317088,0.0025095758902216048,-0.13087579607950023,-0.13578272437291972,0.027053918393834465,0.3961420533183442,-0.053873807745106486,0.11744738179280398,0.021603171056109684,8.269839380958071e-15,25.0,965.0
2.0399978323498873,-0.16154381758119668,-0.06630276850799763,-0.17024222313259144,0.22153409229137547,0.24685349298570772,0.027890518659682187,0.0985567837491781,-0.03062230378027611,8.269839380958049e-15,25.0,1420.0
2.831398288033949,-0.4682038977989972,0.05867287824884367,-0.16913154149054926,0.24871806621034592,0.17882937471442034,-0.14652965150375027,0.08642522423961552,-0.09023782341847185,8.269839380957999e-15,25.0,1530.0
