TestTempC,H,He,Li,Be,B,N,O,F,Ne,Na,Mg,Al,P,S,Cl,Ar,K,Ca,Sc,Ti,V,Cr,Mn,Fe,Ni,Cu,Zn,Ga,Ge,As,Se,Br,Kr,Rb,Sr,Y,Zr,Nb,Mo,Tc,Ru,Rh,Pd,Ag,Cd,In,Sn,Sb,Te,I,Xe,Cs,Ba,La,Ce,Pr,Nd,Pm,Sm,Eu,Gd,Tb,Dy,Ho,Er,Tm,Yb,Lu,Hf,Ta,W,Re,Os,Ir,Pt,Au,Hg,Tl,Pb,Bi,Po,At,Rn,Fr,Ra,Ac,Th,Pa,U,Np,Pu,Am,Cm,Bk,Cf,Es,Fm,Md,No,Lr,Yield_Strength
25.0,0,0,0,0,0,0,0,0,0,0,0,0.058823529,0,0,0,0,0,0,0,0.235294118,0.235294118,0.0,0,0,0,0,0,0,0,0,0,0,0,0,0,0,0.0,0.235294118,0.235294118,0,0,0,0,0,0,0,0,0,0,0,0,0,0,0,0,0,0,0,0,0,0,0,0,0,0,0,0,0,0.0,0.0,0.0,0,0,0,0,0,0,0,0,0,0,0,0,0,0,0,0,0,0,0,0,0,0,0,0,0,0,0,0,0,1250.0
25.0,0,0,0,0,0,0,0,0,0,0,0,0.111111111,0,0,0,0,0,0,0,0.222222222,0.222222222,0.0,0,0,0,0,0,0,0,0,0,0,0,0,0,0,0.0,0.222222222,0.222222222,0,0,0,0,0,0,0,0,0,0,0,0,0,0,0,0,0,0,0,0,0,0,0,0,0,0,0,0,0,0.0,0.0,0.0,0,0,0,0,0,0,0,0,0,0,0,0,0,0,0,0,0,0,0,0,0,0,0,0,0,0,0,0,0,1625.0
25.0,0,0,0,0,0,0,0,0,0,0,0,0.157894737,0,0,0,0,0,0,0,0.210526316,0.210526316,0.0,0,0,0,0,0,0,0,0,0,0,0,0,0,0,0.0,0.210526316,0.210526316,0,0,0,0,0,0,0,0,0,0,0,0,0,0,0,0,0,0,0,0,0,0,0,0,0,0,0,0,0,0.0,0.0,0.0,0,0,0,0,0,0,0,0,0,0,0,0,0,0,0,0,0,0,0,0,0,0,0,0,0,0,0,0,0,1260.0
25.0,0,0,0,0,0,0,0,0,0,0,0,0.272727273,0,0,0,0,0,0,0,0.181818182,0.181818182,0.0,0,0,0,0,0,0,0,0,0,0,0,0,0,0,0.0,0.181818182,0.181818182,0,0,0,0,0,0,0,0,0,0,0,0,0,0,0,0,0,0,0,0,0,0,0,0,0,0,0,0,0,0.0,0.0,0.0,0,0,0,0,0,0,0,0,0,0,0,0,0,0,0,0,0,0,0,0,0,0,0,0,0,0,0,0,0,500.0
25.0,0,0,0,0,0,0,0,0,0,0,0,0.2,0,0,0,0,0,0,0,0.2,0.2,0.0,0,0,0,0,0,0,0,0,0,0,0,0,0,0,0.0,0.2,0.2,0,0,0,0,0,0,0,0,0,0,0,0,0,0,0,0,0,0,0,0,0,0,0,0,0,0,0,0,0,0.0,0.0,0.0,0,0,0,0,0,0,0,0,0,0,0,0,0,0,0,0,0,0,0,0,0,0,0,0,0,0,0,0,0,1375.0
25.0,0,0,0,0,0,0,0,0,0,0,0,0.0,0,0,0,0,0,0,0,0.25,0.25,0.0,0,0,0,0,0,0,0,0,0,0,0,0,0,0,0.0,0.25,0.25,0,0,0,0,0,0,0,0,0,0,0,0,0,0,0,0,0,0,0,0,0,0,0,0,0,0,0,0,0,0.0,0.0,0.0,0,0,0,0,0,0,0,0,0,0,0,0,0,0,0,0,0,0,0,0,0,0,0,0,0,0,0,0,0,1200.0
25.0,0,0,0,0,0,0,0,0,0,0,0,0.058823529,0,0,0,0,0,0,0,0.235294118,0.235294118,0.0,0,0,0,0,0,0,0,0,0,0,0,0,0,0,0.0,0.235294118,0.0,0,0,0,0,0,0,0,0,0,0,0,0,0,0,0,0,0,0,0,0,0,0,0,0,0,0,0,0,0,0.0,0.235294118,0.0,0,0,0,0,0,0,0,0,0,0,0,0,0,0,0,0,0,0,0,0,0,0,0,0,0,0,0,0,0,1330.0
25.0,0,0,0,0,0,0,0,0,0,0,0,0.111111111,0,0,0,0,0,0,0,0.222222222,0.222222222,0.0,0,0,0,0,0,0,0,0,0,0,0,0,0,0,0.0,0.222222222,0.0,0,0,0,0,0,0,0,0,0,0,0,0,0,0,0,0,0,0,0,0,0,0,0,0,0,0,0,0,0,0.0,0.222222222,0.0,0,0,0,0,0,0,0,0,0,0,0,0,0,0,0,0,0,0,0,0,0,0,0,0,0,0,0,0,0,1012.0
25.0,0,0,0,0,0,0,0,0,0,0,0,0.2,0,0,0,0,0,0,0,0.2,0.2,0.0,0,0,0,0,0,0,0,0,0,0,0,0,0,0,0.0,0.2,0.0,0,0,0,0,0,0,0,0,0,0,0,0,0,0,0,0,0,0,0,0,0,0,0,0,0,0,0,0,0,0.0,0.2,0.0,0,0,0,0,0,0,0,0,0,0,0,0,0,0,0,0,0,0,0,0,0,0,0,0,0,0,0,0,0,991.0
25.0,0,0,0,0,0,0,0,0,0,0,0,0.0,0,0,0,0,0,0,0,0.25,0.25,0.0,0,0,0,0,0,0,0,0,0,0,0,0,0,0,0.0,0.25,0.0,0,0,0,0,0,0,0,0,0,0,0,0,0,0,0,0,0,0,0,0,0,0,0,0,0,0,0,0,0,0.0,0.25,0.0,0,0,0,0,0,0,0,0,0,0,0,0,0,0,0,0,0,0,0,0,0,0,0,0,0,0,0,0,0,1092.0
25.0,0,0,0,0,0,0,0,0,0,0,0,0.058823529,0,0,0,0,0,0,0,0.235294118,0.0,0.0,0,0,0,0,0,0,0,0,0,0,0,0,0,0,0.235294118,0.235294118,0.0,0,0,0,0,0,0,0,0,0,0,0,0,0,0,0,0,0,0,0,0,0,0,0,0,0,0,0,0,0,0.0,0.235294118,0.0,0,0,0,0,0,0,0,0,0,0,0,0,0,0,0,0,0,0,0,0,0,0,0,0,0,0,0,0,0,1745.0
1000.0,0,0,0,0,0,0,0,0,0,0,0,0.058823529,0,0,0,0,0,0,0,0.235294118,0.0,0.0,0,0,0,0,0,0,0,0,0,0,0,0,0,0,0.235294118,0.235294118,0.0,0,0,0,0,0,0,0,0,0,0,0,0,0,0,0,0,0,0,0,0,0,0,0,0,0,0,0,0,0,0.0,0.235294118,0.0,0,0,0,0,0,0,0,0,0,0,0,0,0,0,0,0,0,0,0,0,0,0,0,0,0,0,0,0,0,366.0
25.0,0,0,0,0,0,0,0,0,0,0,0,0.111111111,0,0,0,0,0,0,0,0.222222222,0.0,0.0,0,0,0,0,0,0,0,0,0,0,0,0,0,0,0.222222222,0.222222222,0.111111111,0,0,0,0,0,0,0,0,0,0,0,0,0,0,0,0,0,0,0,0,0,0,0,0,0,0,0,0,0,0.0,0.111111111,0.0,0,0,0,0,0,0,0,0,0,0,0,0,0,0,0,0,0,0,0,0,0,0,0,0,0,0,0,0,0,2350.0
1000.0,0,0,0,0,0,0,0,0,0,0,0,0.111111111,0,0,0,0,0,0,0,0.222222222,0.0,0.0,0,0,0,0,0,0,0,0,0,0,0,0,0,0,0.222222222,0.222222222,0.111111111,0,0,0,0,0,0,0,0,0,0,0,0,0,0,0,0,0,0,0,0,0,0,0,0,0,0,0,0,0,0.0,0.111111111,0.0,0,0,0,0,0,0,0,0,0,0,0,0,0,0,0,0,0,0,0,0,0,0,0,0,0,0,0,0,0,579.0
25.0,0,0,0,0,0,0,0,0,0,0,0,0.2,0,0,0,0,0,0,0,0.2,0.0,0.0,0,0,0,0,0,0,0,0,0,0,0,0,0,0,0.2,0.2,0.1,0,0,0,0,0,0,0,0,0,0,0,0,0,0,0,0,0,0,0,0,0,0,0,0,0,0,0,0,0,0.0,0.1,0.0,0,0,0,0,0,0,0,0,0,0,0,0,0,0,0,0,0,0,0,0,0,0,0,0,0,0,0,0,0,2197.0
1000.0,0,0,0,0,0,0,0,0,0,0,0,0.2,0,0,0,0,0,0,0,0.2,0.0,0.0,0,0,0,0,0,0,0,0,0,0,0,0,0,0,0.2,0.2,0.1,0,0,0,0,0,0,0,0,0,0,0,0,0,0,0,0,0,0,0,0,0,0,0,0,0,0,0,0,0,0.0,0.1,0.0,0,0,0,0,0,0,0,0,0,0,0,0,0,0,0,0,0,0,0,0,0,0,0,0,0,0,0,0,0,745.0
25.0,0,0,0,0,0,0,0,0,0,0,0,0.222222222,0,0,0,0,0,0,0,0.222222222,0.0,0.0,0,0,0,0,0,0,0,0,0,0,0,0,0,0,0.111111111,0.222222222,0.111111111,0,0,0,0,0,0,0,0,0,0,0,0,0,0,0,0,0,0,0,0,0,0,0,0,0,0,0,0,0,0.0,0.111111111,0.0,0,0,0,0,0,0,0,0,0,0,0,0,0,0,0,0,0,0,0,0,0,0,0,0,0,0,0,0,0,1320.0
1000.0,0,0,0,0,0,0,0,0,0,0,0,0.222222222,0,0,0,0,0,0,0,0.222222222,0.0,0.0,0,0,0,0,0,0,0,0,0,0,0,0,0,0,0.111111111,0.222222222,0.111111111,0,0,0,0,0,0,0,0,0,0,0,0,0,0,0,0,0,0,0,0,0,0,0,0,0,0,0,0,0,0.0,0.111111111,0.0,0,0,0,0,0,0,0,0,0,0,0,0,0,0,0,0,0,0,0,0,0,0,0,0,0,0,0,0,0,935.0
25.0,0,0,0,0,0,0,0,0,0,0,0,0.25,0,0,0,0,0,0,0,0.25,0.0,0.0,0,0,0,0,0,0,0,0,0,0,0,0,0,0,0.125,0.25,0.0,0,0,0,0,0,0,0,0,0,0,0,0,0,0,0,0,0,0,0,0,0,0,0,0,0,0,0,0,0,0.0,0.125,0.0,0,0,0,0,0,0,0,0,0,0,0,0,0,0,0,0,0,0,0,0,0,0,0,0,0,0,0,0,0,1352.0
1000.0,0,0,0,0,0,0,0,0,0,0,0,0.25,0,0,0,0,0,0,0,0.25,0.0,0.0,0,0,0,0,0,0,0,0,0,0,0,0,0,0,0.125,0.25,0.0,0,0,0,0,0,0,0,0,0,0,0,0,0,0,0,0,0,0,0,0,0,0,0,0,0,0,0,0,0,0.0,0.125,0.0,0,0,0,0,0,0,0,0,0,0,0,0,0,0,0,0,0,0,0,0,0,0,0,0,0,0,0,0,0,535.0
25.0,0,0,0,0,0,0,0,0,0,0,0,0.047619048,0,0,0,0,0,0,0,0.238095238,0.238095238,0.0,0,0,0,0,0,0,0,0,0,0,0,0,0,0,0.0,0.0,0.238095238,0,0,0,0,0,0,0,0,0,0,0,0,0,0,0,0,0,0,0,0,0,0,0,0,0,0,0,0,0,0.0,0.238095238,0.0,0,0,0,0,0,0,0,0,0,0,0,0,0,0,0,0,0,0,0,0,0,0,0,0,0,0,0,0,0,1021.0
25.0,0,0,0,0,0,0,0,0,0,0,0,0.130434783,0,0,0,0,0,0,0,0.217391304,0.217391304,0.0,0,0,0,0,0,0,0,0,0,0,0,0,0,0,0.0,0.0,0.217391304,0,0,0,0,0,0,0,0,0,0,0,0,0,0,0,0,0,0,0,0,0,0,0,0,0,0,0,0,0,0.0,0.217391304,0.0,0,0,0,0,0,0,0,0,0,0,0,0,0,0,0,0,0,0,0,0,0,0,0,0,0,0,0,0,0,962.0
25.0,0,0,0,0,0,0,0,0,0,0,0,0.2,0,0,0,0,0,0,0,0.2,0.2,0.0,0,0,0,0,0,0,0,0,0,0,0,0,0,0,0.0,0.0,0.2,0,0,0,0,0,0,0,0,0,0,0,0,0,0,0,0,0,0,0,0,0,0,0,0,0,0,0,0,0,0.0,0.2,0.0,0,0,0,0,0,0,0,0,0,0,0,0,0,0,0,0,0,0,0,0,0,0,0,0,0,0,0,0,0,735.0
25.0,0,0,0,0,0,0,0,0,0,0,0,0.0,0,0,0,0,0,0,0,0.25,0.25,0.0,0,0,0,0,0,0,0,0,0,0,0,0,0,0,0.0,0.0,0.25,0,0,0,0,0,0,0,0,0,0,0,0,0,0,0,0,0,0,0,0,0,0,0,0,0,0,0,0,0,0.0,0.25,0.0,0,0,0,0,0,0,0,0,0,0,0,0,0,0,0,0,0,0,0,0,0,0,0,0,0,0,0,0,0,1221.0
25.0,0,0,0,0,0,0,0,0,0,0,0,0.056603774,0,0,0,0,0,0,0,0.188679245,0.0,0.0,0,0,0,0,0,0,0,0,0,0,0,0,0,0,0.188679245,0.188679245,0.0,0,0,0,0,0,0,0,0,0,0,0,0,0,0,0,0,0,0,0,0,0,0,0,0,0,0,0,0,0,0.188679245,0.188679245,0.0,0,0,0,0,0,0,0,0,0,0,0,0,0,0,0,0,0,0,0,0,0,0,0,0,0,0,0,0,0,1188.0
25.0,0,0,0,0,0,0,0,0,0,0,0,0.090909091,0,0,0,0,0,0,0,0.181818182,0.0,0.0,0,0,0,0,0,0,0,0,0,0,0,0,0,0,0.181818182,0.181818182,0.0,0,0,0,0,0,0,0,0,0,0,0,0,0,0,0,0,0,0,0,0,0,0,0,0,0,0,0,0,0,0.181818182,0.181818182,0.0,0,0,0,0,0,0,0,0,0,0,0,0,0,0,0,0,0,0,0,0,0,0,0,0,0,0,0,0,0,1302.0
25.0,0,0,0,0,0,0,0,0,0,0,0,0.130434783,0,0,0,0,0,0,0,0.173913043,0.0,0.0,0,0,0,0,0,0,0,0,0,0,0,0,0,0,0.173913043,0.173913043,0.0,0,0,0,0,0,0,0,0,0,0,0,0,0,0,0,0,0,0,0,0,0,0,0,0,0,0,0,0,0,0.173913043,0.173913043,0.0,0,0,0,0,0,0,0,0,0,0,0,0,0,0,0,0,0,0,0,0,0,0,0,0,0,0,0,0,0,1415.0
25.0,0,0,0,0,0,0,0,0,0,0,0,0.166666667,0,0,0,0,0,0,0,0.166666667,0.0,0.0,0,0,0,0,0,0,0,0,0,0,0,0,0,0,0.166666667,0.166666667,0.0,0,0,0,0,0,0,0,0,0,0,0,0,0,0,0,0,0,0,0,0,0,0,0,0,0,0,0,0,0,0.166666667,0.166666667,0.0,0,0,0,0,0,0,0,0,0,0,0,0,0,0,0,0,0,0,0,0,0,0,0,0,0,0,0,0,0,1489.0
25.0,0,0,0,0,0,0,0,0,0,0,0,0.0,0,0,0,0,0,0,0,0.2,0.0,0.0,0,0,0,0,0,0,0,0,0,0,0,0,0,0,0.2,0.2,0.0,0,0,0,0,0,0,0,0,0,0,0,0,0,0,0,0,0,0,0,0,0,0,0,0,0,0,0,0,0,0.2,0.2,0.0,0,0,0,0,0,0,0,0,0,0,0,0,0,0,0,0,0,0,0,0,0,0,0,0,0,0,0,0,0,1073.0
25.0,0,0,0,0,0,0,0,0,0,0,0,0.06,0,0,0,0,0,0,0,0.28,0.04,0.0,0,0,0,0,0,0,0,0,0,0,0,0,0,0,0.26,0.2,0.0,0,0,0,0,0,0,0,0,0,0,0,0,0,0,0,0,0,0,0,0,0,0,0,0,0,0,0,0,0,0.0,0.16,0.0,0,0,0,0,0,0,0,0,0,0,0,0,0,0,0,0,0,0,0,0,0,0,0,0,0,0,0,0,0,1965.0
1000.0,0,0,0,0,0,0,0,0,0,0,0,0.06,0,0,0,0,0,0,0,0.28,0.04,0.0,0,0,0,0,0,0,0,0,0,0,0,0,0,0,0.26,0.2,0.0,0,0,0,0,0,0,0,0,0,0,0,0,0,0,0,0,0,0,0,0,0,0,0,0,0,0,0,0,0,0.0,0.16,0.0,0,0,0,0,0,0,0,0,0,0,0,0,0,0,0,0,0,0,0,0,0,0,0,0,0,0,0,0,0,166.0
800.0,0,0,0,0,0,0,0,0,0,0,0,0.06,0,0,0,0,0,0,0,0.28,0.04,0.0,0,0,0,0,0,0,0,0,0,0,0,0,0,0,0.26,0.2,0.0,0,0,0,0,0,0,0,0,0,0,0,0,0,0,0,0,0,0,0,0,0,0,0,0,0,0,0,0,0,0.0,0.16,0.0,0,0,0,0,0,0,0,0,0,0,0,0,0,0,0,0,0,0,0,0,0,0,0,0,0,0,0,0,0,678.0
25.0,0,0,0,0,0,0,0,0,0,0,0,0.06,0,0,0,0,0,0,0,0.28,0.0,0.0,0,0,0,0,0,0,0,0,0,0,0,0,0,0,0.26,0.2,0.0,0,0,0,0,0,0,0,0,0,0,0,0,0,0,0,0,0,0,0,0,0,0,0,0,0,0,0,0,0,0.0,0.2,0.0,0,0,0,0,0,0,0,0,0,0,0,0,0,0,0,0,0,0,0,0,0,0,0,0,0,0,0,0,0,1965.0
1000.0,0,0,0,0,0,0,0,0,0,0,0,0.06,0,0,0,0,0,0,0,0.28,0.0,0.0,0,0,0,0,0,0,0,0,0,0,0,0,0,0,0.26,0.2,0.0,0,0,0,0,0,0,0,0,0,0,0,0,0,0,0,0,0,0,0,0,0,0,0,0,0,0,0,0,0,0.0,0.2,0.0,0,0,0,0,0,0,0,0,0,0,0,0,0,0,0,0,0,0,0,0,0,0,0,0,0,0,0,0,0,236.0
800.0,0,0,0,0,0,0,0,0,0,0,0,0.06,0,0,0,0,0,0,0,0.28,0.0,0.0,0,0,0,0,0,0,0,0,0,0,0,0,0,0,0.26,0.2,0.0,0,0,0,0,0,0,0,0,0,0,0,0,0,0,0,0,0,0,0,0,0,0,0,0,0,0,0,0,0,0.0,0.2,0.0,0,0,0,0,0,0,0,0,0,0,0,0,0,0,0,0,0,0,0,0,0,0,0,0,0,0,0,0,0,362.0
25.0,0,0,0,0,0,0,0,0,0,0,0,0.08,0,0,0,0,0,0,0,0.2,0.0,0.0,0,0,0,0,0,0,0,0,0,0,0,0,0,0,0.2,0.2,0.0,0,0,0,0,0,0,0,0,0,0,0,0,0,0,0,0,0,0,0,0,0,0,0,0,0,0,0,0,0,0.12,0.2,0.0,0,0,0,0,0,0,0,0,0,0,0,0,0,0,0,0,0,0,0,0,0,0,0,0,0,0,0,0,0,1841.0
1000.0,0,0,0,0,0,0,0,0,0,0,0,0.08,0,0,0,0,0,0,0,0.2,0.0,0.0,0,0,0,0,0,0,0,0,0,0,0,0,0,0,0.2,0.2,0.0,0,0,0,0,0,0,0,0,0,0,0,0,0,0,0,0,0,0,0,0,0,0,0,0,0,0,0,0,0,0.12,0.2,0.0,0,0,0,0,0,0,0,0,0,0,0,0,0,0,0,0,0,0,0,0,0,0,0,0,0,0,0,0,0,298.0
800.0,0,0,0,0,0,0,0,0,0,0,0,0.08,0,0,0,0,0,0,0,0.2,0.0,0.0,0,0,0,0,0,0,0,0,0,0,0,0,0,0,0.2,0.2,0.0,0,0,0,0,0,0,0,0,0,0,0,0,0,0,0,0,0,0,0,0,0,0,0,0,0,0,0,0,0,0.12,0.2,0.0,0,0,0,0,0,0,0,0,0,0,0,0,0,0,0,0,0,0,0,0,0,0,0,0,0,0,0,0,0,796.0
25.0,0,0,0,0,0,0,0,0,0,0,0,0.106382979,0,0,0,0,0,0,0,0.319148936,0.042553191,0.0,0,0,0,0,0,0,0,0,0,0,0,0,0,0,0.212765957,0.212765957,0.0,0,0,0,0,0,0,0,0,0,0,0,0,0,0,0,0,0,0,0,0,0,0,0,0,0,0,0,0,0,0.0,0.106382979,0.0,0,0,0,0,0,0,0,0,0,0,0,0,0,0,0,0,0,0,0,0,0,0,0,0,0,0,0,0,0,2035.0
1000.0,0,0,0,0,0,0,0,0,0,0,0,0.1,0,0,0,0,0,0,0,0.3,0.04,0.0,0,0,0,0,0,0,0,0,0,0,0,0,0,0,0.2,0.2,0.0,0,0,0,0,0,0,0,0,0,0,0,0,0,0,0,0,0,0,0,0,0,0,0,0,0,0,0,0,0,0.0,0.16,0.0,0,0,0,0,0,0,0,0,0,0,0,0,0,0,0,0,0,0,0,0,0,0,0,0,0,0,0,0,0,220.0
800.0,0,0,0,0,0,0,0,0,0,0,0,0.1,0,0,0,0,0,0,0,0.3,0.04,0.0,0,0,0,0,0,0,0,0,0,0,0,0,0,0,0.2,0.2,0.0,0,0,0,0,0,0,0,0,0,0,0,0,0,0,0,0,0,0,0,0,0,0,0,0,0,0,0,0,0,0.0,0.16,0.0,0,0,0,0,0,0,0,0,0,0,0,0,0,0,0,0,0,0,0,0,0,0,0,0,0,0,0,0,0,796.0
25.0,0,0,0,0,0,0,0,0,0,0,0,0.2,0,0,0,0,0,0,0,0.2,0.0,0.0,0,0,0,0,0,0,0,0,0,0,0,0,0,0,0.2,0.2,0.1,0,0,0,0,0,0,0,0,0,0,0,0,0,0,0,0,0,0,0,0,0,0,0,0,0,0,0,0,0,0.0,0.1,0.0,0,0,0,0,0,0,0,0,0,0,0,0,0,0,0,0,0,0,0,0,0,0,0,0,0,0,0,0,0,2000.0
1000.0,0,0,0,0,0,0,0,0,0,0,0,0.2,0,0,0,0,0,0,0,0.2,0.0,0.0,0,0,0,0,0,0,0,0,0,0,0,0,0,0,0.2,0.2,0.1,0,0,0,0,0,0,0,0,0,0,0,0,0,0,0,0,0,0,0,0,0,0,0,0,0,0,0,0,0,0.0,0.1,0.0,0,0,0,0,0,0,0,0,0,0,0,0,0,0,0,0,0,0,0,0,0,0,0,0,0,0,0,0,0,745.0
800.0,0,0,0,0,0,0,0,0,0,0,0,0.2,0,0,0,0,0,0,0,0.2,0.0,0.0,0,0,0,0,0,0,0,0,0,0,0,0,0,0,0.2,0.2,0.1,0,0,0,0,0,0,0,0,0,0,0,0,0,0,0,0,0,0,0,0,0,0,0,0,0,0,0,0,0,0.0,0.1,0.0,0,0,0,0,0,0,0,0,0,0,0,0,0,0,0,0,0,0,0,0,0,0,0,0,0,0,0,0,0,1597.0
25.0,0,0,0,0,0,0,0,0,0,0,0,0.2,0,0,0,0,0,0,0,0.3,0.0,0.0,0,0,0,0,0,0,0,0,0,0,0,0,0,0,0.1,0.3,0.0,0,0,0,0,0,0,0,0,0,0,0,0,0,0,0,0,0,0,0,0,0,0,0,0,0,0,0,0,0,0.0,0.1,0.0,0,0,0,0,0,0,0,0,0,0,0,0,0,0,0,0,0,0,0,0,0,0,0,0,0,0,0,0,0,1280.0
1000.0,0,0,0,0,0,0,0,0,0,0,0,0.2,0,0,0,0,0,0,0,0.3,0.0,0.0,0,0,0,0,0,0,0,0,0,0,0,0,0,0,0.1,0.3,0.0,0,0,0,0,0,0,0,0,0,0,0,0,0,0,0,0,0,0,0,0,0,0,0,0,0,0,0,0,0,0.0,0.1,0.0,0,0,0,0,0,0,0,0,0,0,0,0,0,0,0,0,0,0,0,0,0,0,0,0,0,0,0,0,0,403.0
800.0,0,0,0,0,0,0,0,0,0,0,0,0.2,0,0,0,0,0,0,0,0.3,0.0,0.0,0,0,0,0,0,0,0,0,0,0,0,0,0,0,0.1,0.3,0.0,0,0,0,0,0,0,0,0,0,0,0,0,0,0,0,0,0,0,0,0,0,0,0,0,0,0,0,0,0,0.0,0.1,0.0,0,0,0,0,0,0,0,0,0,0,0,0,0,0,0,0,0,0,0,0,0,0,0,0,0,0,0,0,0,728.0
25.0,0,0,0,0,0,0,0,0,0,0,0,0.08,0,0,0,0,0,0,0,0.2,0.0,0.0,0,0,0,0,0,0,0,0,0,0,0,0,0,0,0.2,0.2,0.0,0,0,0,0,0,0,0,0,0,0,0,0,0,0,0,0,0,0,0,0,0,0,0,0,0,0,0,0,0,0.12,0.2,0.0,0,0,0,0,0,0,0,0,0,0,0,0,0,0,0,0,0,0,0,0,0,0,0,0,0,0,0,0,0,1841.0
1200.0,0,0,0,0,0,0,0,0,0,0,0,0.08,0,0,0,0,0,0,0,0.2,0.0,0.0,0,0,0,0,0,0,0,0,0,0,0,0,0,0,0.2,0.2,0.0,0,0,0,0,0,0,0,0,0,0,0,0,0,0,0,0,0,0,0,0,0,0,0,0,0,0,0,0,0,0.12,0.2,0.0,0,0,0,0,0,0,0,0,0,0,0,0,0,0,0,0,0,0,0,0,0,0,0,0,0,0,0,0,0,89.0
1000.0,0,0,0,0,0,0,0,0,0,0,0,0.08,0,0,0,0,0,0,0,0.2,0.0,0.0,0,0,0,0,0,0,0,0,0,0,0,0,0,0,0.2,0.2,0.0,0,0,0,0,0,0,0,0,0,0,0,0,0,0,0,0,0,0,0,0,0,0,0,0,0,0,0,0,0,0.12,0.2,0.0,0,0,0,0,0,0,0,0,0,0,0,0,0,0,0,0,0,0,0,0,0,0,0,0,0,0,0,0,0,298.0
800.0,0,0,0,0,0,0,0,0,0,0,0,0.08,0,0,0,0,0,0,0,0.2,0.0,0.0,0,0,0,0,0,0,0,0,0,0,0,0,0,0,0.2,0.2,0.0,0,0,0,0,0,0,0,0,0,0,0,0,0,0,0,0,0,0,0,0,0,0,0,0,0,0,0,0,0,0.12,0.2,0.0,0,0,0,0,0,0,0,0,0,0,0,0,0,0,0,0,0,0,0,0,0,0,0,0,0,0,0,0,0,796.0
25.0,0,0,0,0,0,0,0,0,0,0,0,0.2,0,0,0,0,0,0,0,0.2,0.0,0.0,0,0,0,0,0,0,0,0,0,0,0,0,0,0,0.2,0.2,0.1,0,0,0,0,0,0,0,0,0,0,0,0,0,0,0,0,0,0,0,0,0,0,0,0,0,0,0,0,0,0.0,0.1,0.0,0,0,0,0,0,0,0,0,0,0,0,0,0,0,0,0,0,0,0,0,0,0,0,0,0,0,0,0,0,2000.0
1200.0,0,0,0,0,0,0,0,0,0,0,0,0.2,0,0,0,0,0,0,0,0.2,0.0,0.0,0,0,0,0,0,0,0,0,0,0,0,0,0,0,0.2,0.2,0.1,0,0,0,0,0,0,0,0,0,0,0,0,0,0,0,0,0,0,0,0,0,0,0,0,0,0,0,0,0,0.0,0.1,0.0,0,0,0,0,0,0,0,0,0,0,0,0,0,0,0,0,0,0,0,0,0,0,0,0,0,0,0,0,0,250.0
1000.0,0,0,0,0,0,0,0,0,0,0,0,0.2,0,0,0,0,0,0,0,0.2,0.0,0.0,0,0,0,0,0,0,0,0,0,0,0,0,0,0,0.2,0.2,0.1,0,0,0,0,0,0,0,0,0,0,0,0,0,0,0,0,0,0,0,0,0,0,0,0,0,0,0,0,0,0.0,0.1,0.0,0,0,0,0,0,0,0,0,0,0,0,0,0,0,0,0,0,0,0,0,0,0,0,0,0,0,0,0,0,745.0
800.0,0,0,0,0,0,0,0,0,0,0,0,0.2,0,0,0,0,0,0,0,0.2,0.0,0.0,0,0,0,0,0,0,0,0,0,0,0,0,0,0,0.2,0.2,0.1,0,0,0,0,0,0,0,0,0,0,0,0,0,0,0,0,0,0,0,0,0,0,0,0,0,0,0,0,0,0.0,0.1,0.0,0,0,0,0,0,0,0,0,0,0,0,0,0,0,0,0,0,0,0,0,0,0,0,0,0,0,0,0,0,1597.0
25.0,0,0,0,0,0,0,0,0,0,0,0,0.1,0,0,0,0,0,0,0,0.4,0.1,0.2,0,0,0,0,0,0,0,0,0,0,0,0,0,0,0.0,0.2,0.0,0,0,0,0,0,0,0,0,0,0,0,0,0,0,0,0,0,0,0,0,0,0,0,0,0,0,0,0,0,0.0,0.0,0.0,0,0,0,0,0,0,0,0,0,0,0,0,0,0,0,0,0,0,0,0,0,0,0,0,0,0,0,0,0,1340.0
25.0,0,0,0,0,0,0,0,0,0,0,0,0.1,0,0,0,0,0,0,0,0.4,0.1,0.2,0,0,0,0,0,0,0,0,0,0,0,0,0,0,0.0,0.2,0.0,0,0,0,0,0,0,0,0,0,0,0,0,0,0,0,0,0,0,0,0,0,0,0,0,0,0,0,0,0,0.0,0.0,0.0,0,0,0,0,0,0,0,0,0,0,0,0,0,0,0,0,0,0,0,0,0,0,0,0,0,0,0,0,0,1240.0
1000.0,0,0,0,0,0,0,0,0,0,0,0,0.1,0,0,0,0,0,0,0,0.4,0.1,0.2,0,0,0,0,0,0,0,0,0,0,0,0,0,0,0.0,0.2,0.0,0,0,0,0,0,0,0,0,0,0,0,0,0,0,0,0,0,0,0,0,0,0,0,0,0,0,0,0,0,0.0,0.0,0.0,0,0,0,0,0,0,0,0,0,0,0,0,0,0,0,0,0,0,0,0,0,0,0,0,0,0,0,0,0,90.0
800.0,0,0,0,0,0,0,0,0,0,0,0,0.1,0,0,0,0,0,0,0,0.4,0.1,0.2,0,0,0,0,0,0,0,0,0,0,0,0,0,0,0.0,0.2,0.0,0,0,0,0,0,0,0,0,0,0,0,0,0,0,0,0,0,0,0,0,0,0,0,0,0,0,0,0,0,0.0,0.0,0.0,0,0,0,0,0,0,0,0,0,0,0,0,0,0,0,0,0,0,0,0,0,0,0,0,0,0,0,0,0,445.0
600.0,0,0,0,0,0,0,0,0,0,0,0,0.1,0,0,0,0,0,0,0,0.4,0.1,0.2,0,0,0,0,0,0,0,0,0,0,0,0,0,0,0.0,0.2,0.0,0,0,0,0,0,0,0,0,0,0,0,0,0,0,0,0,0,0,0,0,0,0,0,0,0,0,0,0,0,0.0,0.0,0.0,0,0,0,0,0,0,0,0,0,0,0,0,0,0,0,0,0,0,0,0,0,0,0,0,0,0,0,0,0,930.0
25.0,0,0,0,0,0,0,0,0,0,0,0,0.222222222,0,0,0,0,0,0,0,0.222222222,0.222222222,0.111111111,0,0,0,0,0,0,0,0,0,0,0,0,0,0,0.0,0.222222222,0.0,0,0,0,0,0,0,0,0,0,0,0,0,0,0,0,0,0,0,0,0,0,0,0,0,0,0,0,0,0,0.0,0.0,0.0,0,0,0,0,0,0,0,0,0,0,0,0,0,0,0,0,0,0,0,0,0,0,0,0,0,0,0,0,0,1300.0
1000.0,0,0,0,0,0,0,0,0,0,0,0,0.222222222,0,0,0,0,0,0,0,0.222222222,0.222222222,0.111111111,0,0,0,0,0,0,0,0,0,0,0,0,0,0,0.0,0.222222222,0.0,0,0,0,0,0,0,0,0,0,0,0,0,0,0,0,0,0,0,0,0,0,0,0,0,0,0,0,0,0,0.0,0.0,0.0,0,0,0,0,0,0,0,0,0,0,0,0,0,0,0,0,0,0,0,0,0,0,0,0,0,0,0,0,0,40.0
800.0,0,0,0,0,0,0,0,0,0,0,0,0.222222222,0,0,0,0,0,0,0,0.222222222,0.222222222,0.111111111,0,0,0,0,0,0,0,0,0,0,0,0,0,0,0.0,0.222222222,0.0,0,0,0,0,0,0,0,0,0,0,0,0,0,0,0,0,0,0,0,0,0,0,0,0,0,0,0,0,0,0.0,0.0,0.0,0,0,0,0,0,0,0,0,0,0,0,0,0,0,0,0,0,0,0,0,0,0,0,0,0,0,0,0,0,640.0
600.0,0,0,0,0,0,0,0,0,0,0,0,0.222222222,0,0,0,0,0,0,0,0.222222222,0.222222222,0.111111111,0,0,0,0,0,0,0,0,0,0,0,0,0,0,0.0,0.222222222,0.0,0,0,0,0,0,0,0,0,0,0,0,0,0,0,0,0,0,0,0,0,0,0,0,0,0,0,0,0,0,0.0,0.0,0.0,0,0,0,0,0,0,0,0,0,0,0,0,0,0,0,0,0,0,0,0,0,0,0,0,0,0,0,0,0,1005.0
25.0,0,0,0,0,0,0,0,0,0,0,0,0.181818182,0,0,0,0,0,0,0,0.181818182,0.181818182,0.272727273,0,0,0,0,0,0,0,0,0,0,0,0,0,0,0.0,0.181818182,0.0,0,0,0,0,0,0,0,0,0,0,0,0,0,0,0,0,0,0,0,0,0,0,0,0,0,0,0,0,0,0.0,0.0,0.0,0,0,0,0,0,0,0,0,0,0,0,0,0,0,0,0,0,0,0,0,0,0,0,0,0,0,0,0,0,1700.0
1000.0,0,0,0,0,0,0,0,0,0,0,0,0.181818182,0,0,0,0,0,0,0,0.181818182,0.181818182,0.272727273,0,0,0,0,0,0,0,0,0,0,0,0,0,0,0.0,0.181818182,0.0,0,0,0,0,0,0,0,0,0,0,0,0,0,0,0,0,0,0,0,0,0,0,0,0,0,0,0,0,0,0.0,0.0,0.0,0,0,0,0,0,0,0,0,0,0,0,0,0,0,0,0,0,0,0,0,0,0,0,0,0,0,0,0,0,75.0
800.0,0,0,0,0,0,0,0,0,0,0,0,0.181818182,0,0,0,0,0,0,0,0.181818182,0.181818182,0.272727273,0,0,0,0,0,0,0,0,0,0,0,0,0,0,0.0,0.181818182,0.0,0,0,0,0,0,0,0,0,0,0,0,0,0,0,0,0,0,0,0,0,0,0,0,0,0,0,0,0,0,0.0,0.0,0.0,0,0,0,0,0,0,0,0,0,0,0,0,0,0,0,0,0,0,0,0,0,0,0,0,0,0,0,0,0,970.0
600.0,0,0,0,0,0,0,0,0,0,0,0,0.181818182,0,0,0,0,0,0,0,0.181818182,0.181818182,0.272727273,0,0,0,0,0,0,0,0,0,0,0,0,0,0,0.0,0.181818182,0.0,0,0,0,0,0,0,0,0,0,0,0,0,0,0,0,0,0,0,0,0,0,0,0,0,0,0,0,0,0,0.0,0.0,0.0,0,0,0,0,0,0,0,0,0,0,0,0,0,0,0,0,0,0,0,0,0,0,0,0,0,0,0,0,0,1370.0
25.0,0,0,0,0,0,0,0,0,0,0,0,0.2,0,0,0,0,0,0,0,0.2,0.2,0.2,0,0,0,0,0,0,0,0,0,0,0,0,0,0,0.0,0.2,0.0,0,0,0,0,0,0,0,0,0,0,0,0,0,0,0,0,0,0,0,0,0,0,0,0,0,0,0,0,0,0.0,0.0,0.0,0,0,0,0,0,0,0,0,0,0,0,0,0,0,0,0,0,0,0,0,0,0,0,0,0,0,0,0,0,1550.0
1000.0,0,0,0,0,0,0,0,0,0,0,0,0.2,0,0,0,0,0,0,0,0.2,0.2,0.2,0,0,0,0,0,0,0,0,0,0,0,0,0,0,0.0,0.2,0.0,0,0,0,0,0,0,0,0,0,0,0,0,0,0,0,0,0,0,0,0,0,0,0,0,0,0,0,0,0,0.0,0.0,0.0,0,0,0,0,0,0,0,0,0,0,0,0,0,0,0,0,0,0,0,0,0,0,0,0,0,0,0,0,0,65.0
800.0,0,0,0,0,0,0,0,0,0,0,0,0.2,0,0,0,0,0,0,0,0.2,0.2,0.2,0,0,0,0,0,0,0,0,0,0,0,0,0,0,0.0,0.2,0.0,0,0,0,0,0,0,0,0,0,0,0,0,0,0,0,0,0,0,0,0,0,0,0,0,0,0,0,0,0,0.0,0.0,0.0,0,0,0,0,0,0,0,0,0,0,0,0,0,0,0,0,0,0,0,0,0,0,0,0,0,0,0,0,0,860.0
600.0,0,0,0,0,0,0,0,0,0,0,0,0.2,0,0,0,0,0,0,0,0.2,0.2,0.2,0,0,0,0,0,0,0,0,0,0,0,0,0,0,0.0,0.2,0.0,0,0,0,0,0,0,0,0,0,0,0,0,0,0,0,0,0,0,0,0,0,0,0,0,0,0,0,0,0,0.0,0.0,0.0,0,0,0,0,0,0,0,0,0,0,0,0,0,0,0,0,0,0,0,0,0,0,0,0,0,0,0,0,0,1015.0
25.0,0,0,0,0,0,0,0,0,0,0,0,0.25,0,0,0,0,0,0,0,0.25,0.25,0.0,0,0,0,0,0,0,0,0,0,0,0,0,0,0,0.0,0.25,0.0,0,0,0,0,0,0,0,0,0,0,0,0,0,0,0,0,0,0,0,0,0,0,0,0,0,0,0,0,0,0.0,0.0,0.0,0,0,0,0,0,0,0,0,0,0,0,0,0,0,0,0,0,0,0,0,0,0,0,0,0,0,0,0,0,1000.0
1000.0,0,0,0,0,0,0,0,0,0,0,0,0.25,0,0,0,0,0,0,0,0.25,0.25,0.0,0,0,0,0,0,0,0,0,0,0,0,0,0,0,0.0,0.25,0.0,0,0,0,0,0,0,0,0,0,0,0,0,0,0,0,0,0,0,0,0,0,0,0,0,0,0,0,0,0,0.0,0.0,0.0,0,0,0,0,0,0,0,0,0,0,0,0,0,0,0,0,0,0,0,0,0,0,0,0,0,0,0,0,0,110.0
800.0,0,0,0,0,0,0,0,0,0,0,0,0.25,0,0,0,0,0,0,0,0.25,0.25,0.0,0,0,0,0,0,0,0,0,0,0,0,0,0,0,0.0,0.25,0.0,0,0,0,0,0,0,0,0,0,0,0,0,0,0,0,0,0,0,0,0,0,0,0,0,0,0,0,0,0,0.0,0.0,0.0,0,0,0,0,0,0,0,0,0,0,0,0,0,0,0,0,0,0,0,0,0,0,0,0,0,0,0,0,0,560.0
600.0,0,0,0,0,0,0,0,0,0,0,0,0.25,0,0,0,0,0,0,0,0.25,0.25,0.0,0,0,0,0,0,0,0,0,0,0,0,0,0,0,0.0,0.25,0.0,0,0,0,0,0,0,0,0,0,0,0,0,0,0,0,0,0,0,0,0,0,0,0,0,0,0,0,0,0,0.0,0.0,0.0,0,0,0,0,0,0,0,0,0,0,0,0,0,0,0,0,0,0,0,0,0,0,0,0,0,0,0,0,0,780.0
25.0,0,0,0,0,0,0,0,0,0,0,0,0.2,0,0,0,0,0,0,0,0.2,0.0,0.2,0,0,0,0,0,0,0,0,0,0,0,0,0,0,0.0,0.2,0.2,0,0,0,0,0,0,0,0,0,0,0,0,0,0,0,0,0,0,0,0,0,0,0,0,0,0,0,0,0,0.0,0.0,0.0,0,0,0,0,0,0,0,0,0,0,0,0,0,0,0,0,0,0,0,0,0,0,0,0,0,0,0,0,0,1010.0
1200.0,0,0,0,0,0,0,0,0,0,0,0,0.2,0,0,0,0,0,0,0,0.2,0.0,0.2,0,0,0,0,0,0,0,0,0,0,0,0,0,0,0.0,0.2,0.2,0,0,0,0,0,0,0,0,0,0,0,0,0,0,0,0,0,0,0,0,0,0,0,0,0,0,0,0,0,0.0,0.0,0.0,0,0,0,0,0,0,0,0,0,0,0,0,0,0,0,0,0,0,0,0,0,0,0,0,0,0,0,0,0,105.0
1000.0,0,0,0,0,0,0,0,0,0,0,0,0.2,0,0,0,0,0,0,0,0.2,0.0,0.2,0,0,0,0,0,0,0,0,0,0,0,0,0,0,0.0,0.2,0.2,0,0,0,0,0,0,0,0,0,0,0,0,0,0,0,0,0,0,0,0,0,0,0,0,0,0,0,0,0,0.0,0.0,0.0,0,0,0,0,0,0,0,0,0,0,0,0,0,0,0,0,0,0,0,0,0,0,0,0,0,0,0,0,0,594.0
800.0,0,0,0,0,0,0,0,0,0,0,0,0.2,0,0,0,0,0,0,0,0.2,0.0,0.2,0,0,0,0,0,0,0,0,0,0,0,0,0,0,0.0,0.2,0.2,0,0,0,0,0,0,0,0,0,0,0,0,0,0,0,0,0,0,0,0,0,0,0,0,0,0,0,0,0,0.0,0.0,0.0,0,0,0,0,0,0,0,0,0,0,0,0,0,0,0,0,0,0,0,0,0,0,0,0,0,0,0,0,0,860.0
600.0,0,0,0,0,0,0,0,0,0,0,0,0.2,0,0,0,0,0,0,0,0.2,0.0,0.2,0,0,0,0,0,0,0,0,0,0,0,0,0,0,0.0,0.2,0.2,0,0,0,0,0,0,0,0,0,0,0,0,0,0,0,0,0,0,0,0,0,0,0,0,0,0,0,0,0,0.0,0.0,0.0,0,0,0,0,0,0,0,0,0,0,0,0,0,0,0,0,0,0,0,0,0,0,0,0,0,0,0,0,0,1060.0
400.0,0,0,0,0,0,0,0,0,0,0,0,0.2,0,0,0,0,0,0,0,0.2,0.0,0.2,0,0,0,0,0,0,0,0,0,0,0,0,0,0,0.0,0.2,0.2,0,0,0,0,0,0,0,0,0,0,0,0,0,0,0,0,0,0,0,0,0,0,0,0,0,0,0,0,0,0.0,0.0,0.0,0,0,0,0,0,0,0,0,0,0,0,0,0,0,0,0,0,0,0,0,0,0,0,0,0,0,0,0,0,1080.0
1200.0,0,0,0,0,0,0,0,0,0,0,0,0.2,0,0,0,0,0,0,0,0.2,0.0,0.2,0,0,0,0,0,0,0,0,0,0,0,0,0,0,0.0,0.2,0.2,0,0,0,0,0,0,0,0,0,0,0,0,0,0,0,0,0,0,0,0,0,0,0,0,0,0,0,0,0,0.0,0.0,0.0,0,0,0,0,0,0,0,0,0,0,0,0,0,0,0,0,0,0,0,0,0,0,0,0,0,0,0,0,0,150.0
1000.0,0,0,0,0,0,0,0,0,0,0,0,0.2,0,0,0,0,0,0,0,0.2,0.0,0.2,0,0,0,0,0,0,0,0,0,0,0,0,0,0,0.0,0.2,0.2,0,0,0,0,0,0,0,0,0,0,0,0,0,0,0,0,0,0,0,0,0,0,0,0,0,0,0,0,0,0.0,0.0,0.0,0,0,0,0,0,0,0,0,0,0,0,0,0,0,0,0,0,0,0,0,0,0,0,0,0,0,0,0,0,550.0
800.0,0,0,0,0,0,0,0,0,0,0,0,0.2,0,0,0,0,0,0,0,0.2,0.0,0.2,0,0,0,0,0,0,0,0,0,0,0,0,0,0,0.0,0.2,0.2,0,0,0,0,0,0,0,0,0,0,0,0,0,0,0,0,0,0,0,0,0,0,0,0,0,0,0,0,0,0.0,0.0,0.0,0,0,0,0,0,0,0,0,0,0,0,0,0,0,0,0,0,0,0,0,0,0,0,0,0,0,0,0,0,875.0
600.0,0,0,0,0,0,0,0,0,0,0,0,0.2,0,0,0,0,0,0,0,0.2,0.0,0.2,0,0,0,0,0,0,0,0,0,0,0,0,0,0,0.0,0.2,0.2,0,0,0,0,0,0,0,0,0,0,0,0,0,0,0,0,0,0,0,0,0,0,0,0,0,0,0,0,0,0.0,0.0,0.0,0,0,0,0,0,0,0,0,0,0,0,0,0,0,0,0,0,0,0,0,0,0,0,0,0,0,0,0,0,930.0
1200.0,0,0,0,0,0,0,0,0,0,0,0,0.25,0,0,0,0,0,0,0,0.25,0.0,0.25,0,0,0,0,0,0,0,0,0,0,0,0,0,0,0.0,0.0,0.25,0,0,0,0,0,0,0,0,0,0,0,0,0,0,0,0,0,0,0,0,0,0,0,0,0,0,0,0,0,0.0,0.0,0.0,0,0,0,0,0,0,0,0,0,0,0,0,0,0,0,0,0,0,0,0,0,0,0,0,0,0,0,0,0,100.0
1000.0,0,0,0,0,0,0,0,0,0,0,0,0.25,0,0,0,0,0,0,0,0.25,0.0,0.25,0,0,0,0,0,0,0,0,0,0,0,0,0,0,0.0,0.0,0.25,0,0,0,0,0,0,0,0,0,0,0,0,0,0,0,0,0,0,0,0,0,0,0,0,0,0,0,0,0,0.0,0.0,0.0,0,0,0,0,0,0,0,0,0,0,0,0,0,0,0,0,0,0,0,0,0,0,0,0,0,0,0,0,0,375.0
800.0,0,0,0,0,0,0,0,0,0,0,0,0.25,0,0,0,0,0,0,0,0.25,0.0,0.25,0,0,0,0,0,0,0,0,0,0,0,0,0,0,0.0,0.0,0.25,0,0,0,0,0,0,0,0,0,0,0,0,0,0,0,0,0,0,0,0,0,0,0,0,0,0,0,0,0,0.0,0.0,0.0,0,0,0,0,0,0,0,0,0,0,0,0,0,0,0,0,0,0,0,0,0,0,0,0,0,0,0,0,0,875.0
600.0,0,0,0,0,0,0,0,0,0,0,0,0.25,0,0,0,0,0,0,0,0.25,0.0,0.25,0,0,0,0,0,0,0,0,0,0,0,0,0,0,0.0,0.0,0.25,0,0,0,0,0,0,0,0,0,0,0,0,0,0,0,0,0,0,0,0,0,0,0,0,0,0,0,0,0,0.0,0.0,0.0,0,0,0,0,0,0,0,0,0,0,0,0,0,0,0,0,0,0,0,0,0,0,0,0,0,0,0,0,0,1020.0
400.0,0,0,0,0,0,0,0,0,0,0,0,0.25,0,0,0,0,0,0,0,0.25,0.0,0.25,0,0,0,0,0,0,0,0,0,0,0,0,0,0,0.0,0.0,0.25,0,0,0,0,0,0,0,0,0,0,0,0,0,0,0,0,0,0,0,0,0,0,0,0,0,0,0,0,0,0.0,0.0,0.0,0,0,0,0,0,0,0,0,0,0,0,0,0,0,0,0,0,0,0,0,0,0,0,0,0,0,0,0,0,1070.0
1200.0,0,0,0,0,0,0,0,0,0,0,0,0.25,0,0,0,0,0,0,0,0.25,0.0,0.0,0,0,0,0,0,0,0,0,0,0,0,0,0,0,0.0,0.25,0.25,0,0,0,0,0,0,0,0,0,0,0,0,0,0,0,0,0,0,0,0,0,0,0,0,0,0,0,0,0,0.0,0.0,0.0,0,0,0,0,0,0,0,0,0,0,0,0,0,0,0,0,0,0,0,0,0,0,0,0,0,0,0,0,0,200.0
1000.0,0,0,0,0,0,0,0,0,0,0,0,0.25,0,0,0,0,0,0,0,0.25,0.0,0.0,0,0,0,0,0,0,0,0,0,0,0,0,0,0,0.0,0.25,0.25,0,0,0,0,0,0,0,0,0,0,0,0,0,0,0,0,0,0,0,0,0,0,0,0,0,0,0,0,0,0.0,0.0,0.0,0,0,0,0,0,0,0,0,0,0,0,0,0,0,0,0,0,0,0,0,0,0,0,0,0,0,0,0,0,540.0
800.0,0,0,0,0,0,0,0,0,0,0,0,0.25,0,0,0,0,0,0,0,0.25,0.0,0.0,0,0,0,0,0,0,0,0,0,0,0,0,0,0,0.0,0.25,0.25,0,0,0,0,0,0,0,0,0,0,0,0,0,0,0,0,0,0,0,0,0,0,0,0,0,0,0,0,0,0.0,0.0,0.0,0,0,0,0,0,0,0,0,0,0,0,0,0,0,0,0,0,0,0,0,0,0,0,0,0,0,0,0,0,500.0
600.0,0,0,0,0,0,0,0,0,0,0,0,0.25,0,0,0,0,0,0,0,0.25,0.0,0.0,0,0,0,0,0,0,0,0,0,0,0,0,0,0,0.0,0.25,0.25,0,0,0,0,0,0,0,0,0,0,0,0,0,0,0,0,0,0,0,0,0,0,0,0,0,0,0,0,0,0.0,0.0,0.0,0,0,0,0,0,0,0,0,0,0,0,0,0,0,0,0,0,0,0,0,0,0,0,0,0,0,0,0,0,520.0
25.0,0,0,0,0,0,0,0,0,0,0,0,0.2,0,0,0,0,0,0,0,0.2,0.0,0.0,0,0,0,0,0,0,0,0,0,0,0,0,0,0,0.2,0.2,0.1,0,0,0,0,0,0,0,0,0,0,0,0,0,0,0,0,0,0,0,0,0,0,0,0,0,0,0,0,0,0.0,0.1,0.0,0,0,0,0,0,0,0,0,0,0,0,0,0,0,0,0,0,0,0,0,0,0,0,0,0,0,0,0,0,2000.0
1200.0,0,0,0,0,0,0,0,0,0,0,0,0.2,0,0,0,0,0,0,0,0.2,0.0,0.0,0,0,0,0,0,0,0,0,0,0,0,0,0,0,0.2,0.2,0.1,0,0,0,0,0,0,0,0,0,0,0,0,0,0,0,0,0,0,0,0,0,0,0,0,0,0,0,0,0,0.0,0.1,0.0,0,0,0,0,0,0,0,0,0,0,0,0,0,0,0,0,0,0,0,0,0,0,0,0,0,0,0,0,0,250.0
1000.0,0,0,0,0,0,0,0,0,0,0,0,0.2,0,0,0,0,0,0,0,0.2,0.0,0.0,0,0,0,0,0,0,0,0,0,0,0,0,0,0,0.2,0.2,0.1,0,0,0,0,0,0,0,0,0,0,0,0,0,0,0,0,0,0,0,0,0,0,0,0,0,0,0,0,0,0.0,0.1,0.0,0,0,0,0,0,0,0,0,0,0,0,0,0,0,0,0,0,0,0,0,0,0,0,0,0,0,0,0,0,745.0
800.0,0,0,0,0,0,0,0,0,0,0,0,0.2,0,0,0,0,0,0,0,0.2,0.0,0.0,0,0,0,0,0,0,0,0,0,0,0,0,0,0,0.2,0.2,0.1,0,0,0,0,0,0,0,0,0,0,0,0,0,0,0,0,0,0,0,0,0,0,0,0,0,0,0,0,0,0.0,0.1,0.0,0,0,0,0,0,0,0,0,0,0,0,0,0,0,0,0,0,0,0,0,0,0,0,0,0,0,0,0,0,1597.0
600.0,0,0,0,0,0,0,0,0,0,0,0,0.2,0,0,0,0,0,0,0,0.2,0.0,0.0,0,0,0,0,0,0,0,0,0,0,0,0,0,0,0.2,0.2,0.1,0,0,0,0,0,0,0,0,0,0,0,0,0,0,0,0,0,0,0,0,0,0,0,0,0,0,0,0,0,0.0,0.1,0.0,0,0,0,0,0,0,0,0,0,0,0,0,0,0,0,0,0,0,0,0,0,0,0,0,0,0,0,0,0,1870.0
25.0,0,0,0,0,0,0,0,0,0,0,0,0.25,0,0,0,0,0,0,0,0.25,0.25,0.0,0,0,0,0,0,0,0,0,0,0,0,0,0,0,0.0,0.25,0.0,0,0,0,0,0,0,0,0,0,0,0,0,0,0,0,0,0,0,0,0,0,0,0,0,0,0,0,0,0,0.0,0.0,0.0,0,0,0,0,0,0,0,0,0,0,0,0,0,0,0,0,0,0,0,0,0,0,0,0,0,0,0,0,0,1020.0
1000.0,0,0,0,0,0,0,0,0,0,0,0,0.25,0,0,0,0,0,0,0,0.25,0.25,0.0,0,0,0,0,0,0,0,0,0,0,0,0,0,0,0.0,0.25,0.0,0,0,0,0,0,0,0,0,0,0,0,0,0,0,0,0,0,0,0,0,0,0,0,0,0,0,0,0,0,0.0,0.0,0.0,0,0,0,0,0,0,0,0,0,0,0,0,0,0,0,0,0,0,0,0,0,0,0,0,0,0,0,0,0,158.0
800.0,0,0,0,0,0,0,0,0,0,0,0,0.25,0,0,0,0,0,0,0,0.25,0.25,0.0,0,0,0,0,0,0,0,0,0,0,0,0,0,0,0.0,0.25,0.0,0,0,0,0,0,0,0,0,0,0,0,0,0,0,0,0,0,0,0,0,0,0,0,0,0,0,0,0,0,0.0,0.0,0.0,0,0,0,0,0,0,0,0,0,0,0,0,0,0,0,0,0,0,0,0,0,0,0,0,0,0,0,0,0,685.0
600.0,0,0,0,0,0,0,0,0,0,0,0,0.25,0,0,0,0,0,0,0,0.25,0.25,0.0,0,0,0,0,0,0,0,0,0,0,0,0,0,0,0.0,0.25,0.0,0,0,0,0,0,0,0,0,0,0,0,0,0,0,0,0,0,0,0,0,0,0,0,0,0,0,0,0,0,0.0,0.0,0.0,0,0,0,0,0,0,0,0,0,0,0,0,0,0,0,0,0,0,0,0,0,0,0,0,0,0,0,0,0,810.0
25.0,0,0,0,0,0,0,0,0,0,0,0,0.25,0,0,0,0,0,0,0,0.25,0.25,0.0,0,0,0,0,0,0,0,0,0,0,0,0,0,0,0.0,0.25,0.0,0,0,0,0,0,0,0,0,0,0,0,0,0,0,0,0,0,0,0,0,0,0,0,0,0,0,0,0,0,0.0,0.0,0.0,0,0,0,0,0,0,0,0,0,0,0,0,0,0,0,0,0,0,0,0,0,0,0,0,0,0,0,0,0,1000.0
800.0,0,0,0,0,0,0,0,0,0,0,0,0.25,0,0,0,0,0,0,0,0.25,0.25,0.0,0,0,0,0,0,0,0,0,0,0,0,0,0,0,0.0,0.25,0.0,0,0,0,0,0,0,0,0,0,0,0,0,0,0,0,0,0,0,0,0,0,0,0,0,0,0,0,0,0,0.0,0.0,0.0,0,0,0,0,0,0,0,0,0,0,0,0,0,0,0,0,0,0,0,0,0,0,0,0,0,0,0,0,0,560.0
600.0,0,0,0,0,0,0,0,0,0,0,0,0.25,0,0,0,0,0,0,0,0.25,0.25,0.0,0,0,0,0,0,0,0,0,0,0,0,0,0,0,0.0,0.25,0.0,0,0,0,0,0,0,0,0,0,0,0,0,0,0,0,0,0,0,0,0,0,0,0,0,0,0,0,0,0,0.0,0.0,0.0,0,0,0,0,0,0,0,0,0,0,0,0,0,0,0,0,0,0,0,0,0,0,0,0,0,0,0,0,0,780.0
25.0,0,0,0,0,0,0,0,0,0,0,0,0.2,0,0,0,0,0,0,0,0.2,0.2,0.0,0,0,0,0,0,0,0,0,0,0,0,0,0,0,0.2,0.2,0.0,0,0,0,0,0,0,0,0,0,0,0,0,0,0,0,0,0,0,0,0,0,0,0,0,0,0,0,0,0,0.0,0.0,0.0,0,0,0,0,0,0,0,0,0,0,0,0,0,0,0,0,0,0,0,0,0,0,0,0,0,0,0,0,0,1500.0
800.0,0,0,0,0,0,0,0,0,0,0,0,0.2,0,0,0,0,0,0,0,0.2,0.2,0.0,0,0,0,0,0,0,0,0,0,0,0,0,0,0,0.2,0.2,0.0,0,0,0,0,0,0,0,0,0,0,0,0,0,0,0,0,0,0,0,0,0,0,0,0,0,0,0,0,0,0.0,0.0,0.0,0,0,0,0,0,0,0,0,0,0,0,0,0,0,0,0,0,0,0,0,0,0,0,0,0,0,0,0,0,550.0
600.0,0,0,0,0,0,0,0,0,0,0,0,0.2,0,0,0,0,0,0,0,0.2,0.2,0.0,0,0,0,0,0,0,0,0,0,0,0,0,0,0,0.2,0.2,0.0,0,0,0,0,0,0,0,0,0,0,0,0,0,0,0,0,0,0,0,0,0,0,0,0,0,0,0,0,0,0.0,0.0,0.0,0,0,0,0,0,0,0,0,0,0,0,0,0,0,0,0,0,0,0,0,0,0,0,0,0,0,0,0,0,1155.0
25.0,0,0,0,0,0,0,0,0,0,0,0,0.243902439,0,0,0,0,0,0,0,0.243902439,0.243902439,0.0,0,0,0,0,0,0,0,0,0,0,0,0,0,0,0.024390244,0.243902439,0.0,0,0,0,0,0,0,0,0,0,0,0,0,0,0,0,0,0,0,0,0,0,0,0,0,0,0,0,0,0,0.0,0.0,0.0,0,0,0,0,0,0,0,0,0,0,0,0,0,0,0,0,0,0,0,0,0,0,0,0,0,0,0,0,0,1290.0
800.0,0,0,0,0,0,0,0,0,0,0,0,0.243902439,0,0,0,0,0,0,0,0.243902439,0.243902439,0.0,0,0,0,0,0,0,0,0,0,0,0,0,0,0,0.024390244,0.243902439,0.0,0,0,0,0,0,0,0,0,0,0,0,0,0,0,0,0,0,0,0,0,0,0,0,0,0,0,0,0,0,0.0,0.0,0.0,0,0,0,0,0,0,0,0,0,0,0,0,0,0,0,0,0,0,0,0,0,0,0,0,0,0,0,0,0,865.0
600.0,0,0,0,0,0,0,0,0,0,0,0,0.243902439,0,0,0,0,0,0,0,0.243902439,0.243902439,0.0,0,0,0,0,0,0,0,0,0,0,0,0,0,0,0.024390244,0.243902439,0.0,0,0,0,0,0,0,0,0,0,0,0,0,0,0,0,0,0,0,0,0,0,0,0,0,0,0,0,0,0,0.0,0.0,0.0,0,0,0,0,0,0,0,0,0,0,0,0,0,0,0,0,0,0,0,0,0,0,0,0,0,0,0,0,0,975.0
25.0,0,0,0,0,0,0,0,0,0,0,0,0.235294118,0,0,0,0,0,0,0,0.235294118,0.235294118,0.0,0,0,0,0,0,0,0,0,0,0,0,0,0,0,0.058823529,0.235294118,0.0,0,0,0,0,0,0,0,0,0,0,0,0,0,0,0,0,0,0,0,0,0,0,0,0,0,0,0,0,0,0.0,0.0,0.0,0,0,0,0,0,0,0,0,0,0,0,0,0,0,0,0,0,0,0,0,0,0,0,0,0,0,0,0,0,1360.0
800.0,0,0,0,0,0,0,0,0,0,0,0,0.235294118,0,0,0,0,0,0,0,0.235294118,0.235294118,0.0,0,0,0,0,0,0,0,0,0,0,0,0,0,0,0.058823529,0.235294118,0.0,0,0,0,0,0,0,0,0,0,0,0,0,0,0,0,0,0,0,0,0,0,0,0,0,0,0,0,0,0,0.0,0.0,0.0,0,0,0,0,0,0,0,0,0,0,0,0,0,0,0,0,0,0,0,0,0,0,0,0,0,0,0,0,0,855.0
600.0,0,0,0,0,0,0,0,0,0,0,0,0.235294118,0,0,0,0,0,0,0,0.235294118,0.235294118,0.0,0,0,0,0,0,0,0,0,0,0,0,0,0,0,0.058823529,0.235294118,0.0,0,0,0,0,0,0,0,0,0,0,0,0,0,0,0,0,0,0,0,0,0,0,0,0,0,0,0,0,0,0.0,0.0,0.0,0,0,0,0,0,0,0,0,0,0,0,0,0,0,0,0,0,0,0,0,0,0,0,0,0,0,0,0,0,1065.0
25.0,0,0,0,0,0,0,0,0,0,0,0,0.222222222,0,0,0,0,0,0,0,0.222222222,0.222222222,0.0,0,0,0,0,0,0,0,0,0,0,0,0,0,0,0.111111111,0.222222222,0.0,0,0,0,0,0,0,0,0,0,0,0,0,0,0,0,0,0,0,0,0,0,0,0,0,0,0,0,0,0,0.0,0.0,0.0,0,0,0,0,0,0,0,0,0,0,0,0,0,0,0,0,0,0,0,0,0,0,0,0,0,0,0,0,0,1485.0
800.0,0,0,0,0,0,0,0,0,0,0,0,0.222222222,0,0,0,0,0,0,0,0.222222222,0.222222222,0.0,0,0,0,0,0,0,0,0,0,0,0,0,0,0,0.111111111,0.222222222,0.0,0,0,0,0,0,0,0,0,0,0,0,0,0,0,0,0,0,0,0,0,0,0,0,0,0,0,0,0,0,0.0,0.0,0.0,0,0,0,0,0,0,0,0,0,0,0,0,0,0,0,0,0,0,0,0,0,0,0,0,0,0,0,0,0,675.0
600.0,0,0,0,0,0,0,0,0,0,0,0,0.222222222,0,0,0,0,0,0,0,0.222222222,0.222222222,0.0,0,0,0,0,0,0,0,0,0,0,0,0,0,0,0.111111111,0.222222222,0.0,0,0,0,0,0,0,0,0,0,0,0,0,0,0,0,0,0,0,0,0,0,0,0,0,0,0,0,0,0,0.0,0.0,0.0,0,0,0,0,0,0,0,0,0,0,0,0,0,0,0,0,0,0,0,0,0,0,0,0,0,0,0,0,0,1135.0
25.0,0,0,0,0,0,0,0,0,0,0,0,0.181818182,0,0,0,0,0,0,0,0.181818182,0.181818182,0.0,0,0,0,0,0,0,0,0,0,0,0,0,0,0,0.272727273,0.181818182,0.0,0,0,0,0,0,0,0,0,0,0,0,0,0,0,0,0,0,0,0,0,0,0,0,0,0,0,0,0,0,0.0,0.0,0.0,0,0,0,0,0,0,0,0,0,0,0,0,0,0,0,0,0,0,0,0,0,0,0,0,0,0,0,0,0,1535.0
800.0,0,0,0,0,0,0,0,0,0,0,0,0.181818182,0,0,0,0,0,0,0,0.181818182,0.181818182,0.0,0,0,0,0,0,0,0,0,0,0,0,0,0,0,0.272727273,0.181818182,0.0,0,0,0,0,0,0,0,0,0,0,0,0,0,0,0,0,0,0,0,0,0,0,0,0,0,0,0,0,0,0.0,0.0,0.0,0,0,0,0,0,0,0,0,0,0,0,0,0,0,0,0,0,0,0,0,0,0,0,0,0,0,0,0,0,180.0
600.0,0,0,0,0,0,0,0,0,0,0,0,0.181818182,0,0,0,0,0,0,0,0.181818182,0.181818182,0.0,0,0,0,0,0,0,0,0,0,0,0,0,0,0,0.272727273,0.181818182,0.0,0,0,0,0,0,0,0,0,0,0,0,0,0,0,0,0,0,0,0,0,0,0,0,0,0,0,0,0,0,0.0,0.0,0.0,0,0,0,0,0,0,0,0,0,0,0,0,0,0,0,0,0,0,0,0,0,0,0,0,0,0,0,0,0,1195.0
25.0,0,0,0,0,0,0,0,0,0,0,0,0.0,0,0,0,0,0,0,0,0.25,0.0,0.0,0,0,0,0,0,0,0,0,0,0,0,0,0,0,0.25,0.25,0.125,0,0,0,0,0,0,0,0,0,0,0,0,0,0,0,0,0,0,0,0,0,0,0,0,0,0,0,0,0,0.125,0.0,0.0,0,0,0,0,0,0,0,0,0,0,0,0,0,0,0,0,0,0,0,0,0,0,0,0,0,0,0,0,0,1176.0
25.0,0,0,0,0,0,0,0,0,0,0,0,0.0,0,0,0,0,0,0,0,0.2,0.0,0.2,0,0,0,0,0,0,0,0,0,0,0,0,0,0,0.2,0.2,0.0,0,0,0,0,0,0,0,0,0,0,0,0,0,0,0,0,0,0,0,0,0,0,0,0,0,0,0,0,0,0.2,0.0,0.0,0,0,0,0,0,0,0,0,0,0,0,0,0,0,0,0,0,0,0,0,0,0,0,0,0,0,0,0,0,1457.0
25.0,0,0,0,0,0,0,0,0,0,0,0,0.0,0,0,0,0,0,0,0,0.2,0.0,0.2,0,0,0,0,0,0,0,0,0,0,0,0,0,0,0.2,0.2,0.0,0,0,0,0,0,0,0,0,0,0,0,0,0,0,0,0,0,0,0,0,0,0,0,0,0,0,0,0,0,0.2,0.0,0.0,0,0,0,0,0,0,0,0,0,0,0,0,0,0,0,0,0,0,0,0,0,0,0,0,0,0,0,0,0,1420.0
25.0,0,0,0,0,0,0,0,0,0,0,0,0.0,0,0,0,0,0,0,0,0.2,0.0,0.2,0,0,0,0,0,0,0,0,0,0,0,0,0,0,0.2,0.2,0.0,0,0,0,0,0,0,0,0,0,0,0,0,0,0,0,0,0,0,0,0,0,0,0,0,0,0,0,0,0,0.2,0.0,0.0,0,0,0,0,0,0,0,0,0,0,0,0,0,0,0,0,0,0,0,0,0,0,0,0,0,0,0,0,0,1375.0
25.0,0,0,0,0,0,0,0,0,0,0,0,0.0,0,0,0,0,0,0,0,0.2,0.0,0.2,0,0,0,0,0,0,0,0,0,0,0,0,0,0,0.2,0.2,0.0,0,0,0,0,0,0,0,0,0,0,0,0,0,0,0,0,0,0,0,0,0,0,0,0,0,0,0,0,0,0.2,0.0,0.0,0,0,0,0,0,0,0,0,0,0,0,0,0,0,0,0,0,0,0,0,0,0,0,0,0,0,0,0,0,1328.0
25.0,0,0,0,0,0,0,0,0,0,0,0,0.0,0,0,0,0,0,0,0,0.2,0.0,0.2,0,0,0,0,0,0,0,0,0,0,0,0,0,0,0.2,0.2,0.0,0,0,0,0,0,0,0,0,0,0,0,0,0,0,0,0,0,0,0,0,0,0,0,0,0,0,0,0,0,0.2,0.0,0.0,0,0,0,0,0,0,0,0,0,0,0,0,0,0,0,0,0,0,0,0,0,0,0,0,0,0,0,0,0,1322.0
25.0,0,0,0,0,0,0,0,0,0,0,0,0.0,0,0,0,0,0,0,0,0.2,0.2,0.0,0,0,0,0,0,0,0,0,0,0,0,0,0,0,0.2,0.2,0.0,0,0,0,0,0,0,0,0,0,0,0,0,0,0,0,0,0,0,0,0,0,0,0,0,0,0,0,0,0,0.2,0.0,0.0,0,0,0,0,0,0,0,0,0,0,0,0,0,0,0,0,0,0,0,0,0,0,0,0,0,0,0,0,0,1157.0
25.0,0,0,0,0,0,0,0,0,0,0,0,0.0,0,0,0,0,0,0,0,0.2,0.2,0.0,0,0,0,0,0,0,0,0,0,0,0,0,0,0,0.2,0.2,0.0,0,0,0,0,0,0,0,0,0,0,0,0,0,0,0,0,0,0,0,0,0,0,0,0,0,0,0,0,0,0.2,0.0,0.0,0,0,0,0,0,0,0,0,0,0,0,0,0,0,0,0,0,0,0,0,0,0,0,0,0,0,0,0,0,1170.0
25.0,0,0,0,0,0,0,0,0,0,0,0,0.0,0,0,0,0,0,0,0,0.2,0.2,0.0,0,0,0,0,0,0,0,0,0,0,0,0,0,0,0.2,0.2,0.0,0,0,0,0,0,0,0,0,0,0,0,0,0,0,0,0,0,0,0,0,0,0,0,0,0,0,0,0,0,0.2,0.0,0.0,0,0,0,0,0,0,0,0,0,0,0,0,0,0,0,0,0,0,0,0,0,0,0,0,0,0,0,0,0,1253.0
25.0,0,0,0,0,0,0,0,0,0,0,0,0.0,0,0,0,0,0,0,0,0.2,0.2,0.0,0,0,0,0,0,0,0,0,0,0,0,0,0,0,0.2,0.2,0.0,0,0,0,0,0,0,0,0,0,0,0,0,0,0,0,0,0,0,0,0,0,0,0,0,0,0,0,0,0,0.2,0.0,0.0,0,0,0,0,0,0,0,0,0,0,0,0,0,0,0,0,0,0,0,0,0,0,0,0,0,0,0,0,0,1140.0
25.0,0,0,0,0,0,0,0,0,0,0,0,0.0,0,0,0,0,0,0,0,0.2,0.2,0.0,0,0,0,0,0,0,0,0,0,0,0,0,0,0,0.2,0.2,0.0,0,0,0,0,0,0,0,0,0,0,0,0,0,0,0,0,0,0,0,0,0,0,0,0,0,0,0,0,0,0.2,0.0,0.0,0,0,0,0,0,0,0,0,0,0,0,0,0,0,0,0,0,0,0,0,0,0,0,0,0,0,0,0,0,1120.0
25.0,0,0,0,0,0,0,0,0,0,0,0,0.0,0,0,0,0,0,0,0,0.2,0.0,0.2,0,0,0,0,0,0,0,0,0,0,0,0,0,0,0.2,0.2,0.1,0,0,0,0,0,0,0,0,0,0,0,0,0,0,0,0,0,0,0,0,0,0,0,0,0,0,0,0,0,0.0,0.1,0.0,0,0,0,0,0,0,0,0,0,0,0,0,0,0,0,0,0,0,0,0,0,0,0,0,0,0,0,0,0,1595.0
1200.0,0,0,0,0,0,0,0,0,0,0,0,0.0,0,0,0,0,0,0,0,0.2,0.0,0.2,0,0,0,0,0,0,0,0,0,0,0,0,0,0,0.2,0.2,0.1,0,0,0,0,0,0,0,0,0,0,0,0,0,0,0,0,0,0,0,0,0,0,0,0,0,0,0,0,0,0.0,0.1,0.0,0,0,0,0,0,0,0,0,0,0,0,0,0,0,0,0,0,0,0,0,0,0,0,0,0,0,0,0,0,170.0
1000.0,0,0,0,0,0,0,0,0,0,0,0,0.0,0,0,0,0,0,0,0,0.2,0.0,0.2,0,0,0,0,0,0,0,0,0,0,0,0,0,0,0.2,0.2,0.1,0,0,0,0,0,0,0,0,0,0,0,0,0,0,0,0,0,0,0,0,0,0,0,0,0,0,0,0,0,0.0,0.1,0.0,0,0,0,0,0,0,0,0,0,0,0,0,0,0,0,0,0,0,0,0,0,0,0,0,0,0,0,0,0,546.0
800.0,0,0,0,0,0,0,0,0,0,0,0,0.0,0,0,0,0,0,0,0,0.2,0.0,0.2,0,0,0,0,0,0,0,0,0,0,0,0,0,0,0.2,0.2,0.1,0,0,0,0,0,0,0,0,0,0,0,0,0,0,0,0,0,0,0,0,0,0,0,0,0,0,0,0,0,0.0,0.1,0.0,0,0,0,0,0,0,0,0,0,0,0,0,0,0,0,0,0,0,0,0,0,0,0,0,0,0,0,0,0,983.0
25.0,0,0,0,0,0,0,0,0,0,0,0,0.0,0,0,0,0,0,0,0,0.2,0.2,0.2,0,0,0,0,0,0,0,0,0,0,0,0,0,0,0.2,0.2,0.0,0,0,0,0,0,0,0,0,0,0,0,0,0,0,0,0,0,0,0,0,0,0,0,0,0,0,0,0,0,0.0,0.0,0.0,0,0,0,0,0,0,0,0,0,0,0,0,0,0,0,0,0,0,0,0,0,0,0,0,0,0,0,0,0,1298.0
1000.0,0,0,0,0,0,0,0,0,0,0,0,0.0,0,0,0,0,0,0,0,0.2,0.2,0.2,0,0,0,0,0,0,0,0,0,0,0,0,0,0,0.2,0.2,0.0,0,0,0,0,0,0,0,0,0,0,0,0,0,0,0,0,0,0,0,0,0,0,0,0,0,0,0,0,0,0.0,0.0,0.0,0,0,0,0,0,0,0,0,0,0,0,0,0,0,0,0,0,0,0,0,0,0,0,0,0,0,0,0,0,259.0
800.0,0,0,0,0,0,0,0,0,0,0,0,0.0,0,0,0,0,0,0,0,0.2,0.2,0.2,0,0,0,0,0,0,0,0,0,0,0,0,0,0,0.2,0.2,0.0,0,0,0,0,0,0,0,0,0,0,0,0,0,0,0,0,0,0,0,0,0,0,0,0,0,0,0,0,0,0.0,0.0,0.0,0,0,0,0,0,0,0,0,0,0,0,0,0,0,0,0,0,0,0,0,0,0,0,0,0,0,0,0,0,615.0
600.0,0,0,0,0,0,0,0,0,0,0,0,0.0,0,0,0,0,0,0,0,0.2,0.2,0.2,0,0,0,0,0,0,0,0,0,0,0,0,0,0,0.2,0.2,0.0,0,0,0,0,0,0,0,0,0,0,0,0,0,0,0,0,0,0,0,0,0,0,0,0,0,0,0,0,0,0.0,0.0,0.0,0,0,0,0,0,0,0,0,0,0,0,0,0,0,0,0,0,0,0,0,0,0,0,0,0,0,0,0,0,1230.0
25.0,0,0,0,0,0,0,0,0,0,0,0,0.0,0,0,0,0,0,0,0,0.25,0.0,0.25,0,0,0,0,0,0,0,0,0,0,0,0,0,0,0.25,0.25,0.0,0,0,0,0,0,0,0,0,0,0,0,0,0,0,0,0,0,0,0,0,0,0,0,0,0,0,0,0,0,0.0,0.0,0.0,0,0,0,0,0,0,0,0,0,0,0,0,0,0,0,0,0,0,0,0,0,0,0,0,0,0,0,0,0,1260.0
1000.0,0,0,0,0,0,0,0,0,0,0,0,0.0,0,0,0,0,0,0,0,0.25,0.0,0.25,0,0,0,0,0,0,0,0,0,0,0,0,0,0,0.25,0.25,0.0,0,0,0,0,0,0,0,0,0,0,0,0,0,0,0,0,0,0,0,0,0,0,0,0,0,0,0,0,0,0.0,0.0,0.0,0,0,0,0,0,0,0,0,0,0,0,0,0,0,0,0,0,0,0,0,0,0,0,0,0,0,0,0,0,115.0
800.0,0,0,0,0,0,0,0,0,0,0,0,0.0,0,0,0,0,0,0,0,0.25,0.0,0.25,0,0,0,0,0,0,0,0,0,0,0,0,0,0,0.25,0.25,0.0,0,0,0,0,0,0,0,0,0,0,0,0,0,0,0,0,0,0,0,0,0,0,0,0,0,0,0,0,0,0.0,0.0,0.0,0,0,0,0,0,0,0,0,0,0,0,0,0,0,0,0,0,0,0,0,0,0,0,0,0,0,0,0,0,300.0
600.0,0,0,0,0,0,0,0,0,0,0,0,0.0,0,0,0,0,0,0,0,0.25,0.0,0.25,0,0,0,0,0,0,0,0,0,0,0,0,0,0,0.25,0.25,0.0,0,0,0,0,0,0,0,0,0,0,0,0,0,0,0,0,0,0,0,0,0,0,0,0,0,0,0,0,0,0.0,0.0,0.0,0,0,0,0,0,0,0,0,0,0,0,0,0,0,0,0,0,0,0,0,0,0,0,0,0,0,0,0,0,1035.0
25.0,0,0,0,0,0,0,0,0,0,0,0,0.0,0,0,0,0,0,0,0,0.2,0.4,0.0,0,0,0,0,0,0,0,0,0,0,0,0,0,0,0.2,0.2,0.0,0,0,0,0,0,0,0,0,0,0,0,0,0,0,0,0,0,0,0,0,0,0,0,0,0,0,0,0,0,0.0,0.0,0.0,0,0,0,0,0,0,0,0,0,0,0,0,0,0,0,0,0,0,0,0,0,0,0,0,0,0,0,0,0,918.0
1000.0,0,0,0,0,0,0,0,0,0,0,0,0.0,0,0,0,0,0,0,0,0.2,0.4,0.0,0,0,0,0,0,0,0,0,0,0,0,0,0,0,0.2,0.2,0.0,0,0,0,0,0,0,0,0,0,0,0,0,0,0,0,0,0,0,0,0,0,0,0,0,0,0,0,0,0,0.0,0.0,0.0,0,0,0,0,0,0,0,0,0,0,0,0,0,0,0,0,0,0,0,0,0,0,0,0,0,0,0,0,0,72.0
800.0,0,0,0,0,0,0,0,0,0,0,0,0.0,0,0,0,0,0,0,0,0.2,0.4,0.0,0,0,0,0,0,0,0,0,0,0,0,0,0,0,0.2,0.2,0.0,0,0,0,0,0,0,0,0,0,0,0,0,0,0,0,0,0,0,0,0,0,0,0,0,0,0,0,0,0,0.0,0.0,0.0,0,0,0,0,0,0,0,0,0,0,0,0,0,0,0,0,0,0,0,0,0,0,0,0,0,0,0,0,0,240.0
600.0,0,0,0,0,0,0,0,0,0,0,0,0.0,0,0,0,0,0,0,0,0.2,0.4,0.0,0,0,0,0,0,0,0,0,0,0,0,0,0,0,0.2,0.2,0.0,0,0,0,0,0,0,0,0,0,0,0,0,0,0,0,0,0,0,0,0,0,0,0,0,0,0,0,0,0,0.0,0.0,0.0,0,0,0,0,0,0,0,0,0,0,0,0,0,0,0,0,0,0,0,0,0,0,0,0,0,0,0,0,0,571.0
25.0,0,0,0,0,0,0,0,0,0,0,0,0.0,0,0,0,0,0,0,0,0.25,0.25,0.0,0,0,0,0,0,0,0,0,0,0,0,0,0,0,0.25,0.25,0.0,0,0,0,0,0,0,0,0,0,0,0,0,0,0,0,0,0,0,0,0,0,0,0,0,0,0,0,0,0,0.0,0.0,0.0,0,0,0,0,0,0,0,0,0,0,0,0,0,0,0,0,0,0,0,0,0,0,0,0,0,0,0,0,0,1105.0
1000.0,0,0,0,0,0,0,0,0,0,0,0,0.0,0,0,0,0,0,0,0,0.25,0.25,0.0,0,0,0,0,0,0,0,0,0,0,0,0,0,0,0.25,0.25,0.0,0,0,0,0,0,0,0,0,0,0,0,0,0,0,0,0,0,0,0,0,0,0,0,0,0,0,0,0,0,0.0,0.0,0.0,0,0,0,0,0,0,0,0,0,0,0,0,0,0,0,0,0,0,0,0,0,0,0,0,0,0,0,0,0,58.0
800.0,0,0,0,0,0,0,0,0,0,0,0,0.0,0,0,0,0,0,0,0,0.25,0.25,0.0,0,0,0,0,0,0,0,0,0,0,0,0,0,0,0.25,0.25,0.0,0,0,0,0,0,0,0,0,0,0,0,0,0,0,0,0,0,0,0,0,0,0,0,0,0,0,0,0,0,0.0,0.0,0.0,0,0,0,0,0,0,0,0,0,0,0,0,0,0,0,0,0,0,0,0,0,0,0,0,0,0,0,0,0,187.0
600.0,0,0,0,0,0,0,0,0,0,0,0,0.0,0,0,0,0,0,0,0,0.25,0.25,0.0,0,0,0,0,0,0,0,0,0,0,0,0,0,0,0.25,0.25,0.0,0,0,0,0,0,0,0,0,0,0,0,0,0,0,0,0,0,0,0,0,0,0,0,0,0,0,0,0,0,0.0,0.0,0.0,0,0,0,0,0,0,0,0,0,0,0,0,0,0,0,0,0,0,0,0,0,0,0,0,0,0,0,0,0,834.0
25.0,0,0,0,0,0,0,0,0,0,0,0,0.0,0,0,0,0,0,0,0,0.040767386,0.239808153,0.239808153,0,0,0,0,0,0,0,0,0,0,0,0,0,0,0.0,0.0,0.0,0,0,0,0,0,0,0,0,0,0,0,0,0,0,0,0,0,0,0,0,0,0,0,0,0,0,0,0,0,0.0,0.239808153,0.239808153,0,0,0,0,0,0,0,0,0,0,0,0,0,0,0,0,0,0,0,0,0,0,0,0,0,0,0,0,0,2034.0
1200.0,0,0,0,0,0,0,0,0,0,0,0,0.0,0,0,0,0,0,0,0,0.040767386,0.239808153,0.239808153,0,0,0,0,0,0,0,0,0,0,0,0,0,0,0.0,0.0,0.0,0,0,0,0,0,0,0,0,0,0,0,0,0,0,0,0,0,0,0,0,0,0,0,0,0,0,0,0,0,0.0,0.239808153,0.239808153,0,0,0,0,0,0,0,0,0,0,0,0,0,0,0,0,0,0,0,0,0,0,0,0,0,0,0,0,0,750.0
25.0,0,0,0,0,0,0,0,0,0,0,0,0.0,0,0,0,0,0,0,0,0.069767442,0.23255814,0.23255814,0,0,0,0,0,0,0,0,0,0,0,0,0,0,0.0,0.0,0.0,0,0,0,0,0,0,0,0,0,0,0,0,0,0,0,0,0,0,0,0,0,0,0,0,0,0,0,0,0,0.0,0.23255814,0.23255814,0,0,0,0,0,0,0,0,0,0,0,0,0,0,0,0,0,0,0,0,0,0,0,0,0,0,0,0,0,2050.0
1200.0,0,0,0,0,0,0,0,0,0,0,0,0.0,0,0,0,0,0,0,0,0.069767442,0.23255814,0.23255814,0,0,0,0,0,0,0,0,0,0,0,0,0,0,0.0,0.0,0.0,0,0,0,0,0,0,0,0,0,0,0,0,0,0,0,0,0,0,0,0,0,0,0,0,0,0,0,0,0,0.0,0.23255814,0.23255814,0,0,0,0,0,0,0,0,0,0,0,0,0,0,0,0,0,0,0,0,0,0,0,0,0,0,0,0,0,586.0
25.0,0,0,0,0,0,0,0,0,0,0,0,0.0,0,0,0,0,0,0,0,0.0,0.25,0.25,0,0,0,0,0,0,0,0,0,0,0,0,0,0,0.0,0.0,0.0,0,0,0,0,0,0,0,0,0,0,0,0,0,0,0,0,0,0,0,0,0,0,0,0,0,0,0,0,0,0.0,0.25,0.25,0,0,0,0,0,0,0,0,0,0,0,0,0,0,0,0,0,0,0,0,0,0,0,0,0,0,0,0,0,2327.0
1200.0,0,0,0,0,0,0,0,0,0,0,0,0.0,0,0,0,0,0,0,0,0.0,0.25,0.25,0,0,0,0,0,0,0,0,0,0,0,0,0,0,0.0,0.0,0.0,0,0,0,0,0,0,0,0,0,0,0,0,0,0,0,0,0,0,0,0,0,0,0,0,0,0,0,0,0,0.0,0.25,0.25,0,0,0,0,0,0,0,0,0,0,0,0,0,0,0,0,0,0,0,0,0,0,0,0,0,0,0,0,0,979.0
25.0,0,0,0,0,0,0,0,0,0,0,0,0.0,0,0,0,0,0,0,0,0.177644711,0.0,0.0,0,0,0,0,0,0,0,0,0,0,0,0,0,0,0.127744511,0.30738523,0.0,0,0,0,0,0,0,0,0,0,0,0,0,0,0,0,0,0,0,0,0,0,0,0,0,0,0,0,0,0,0.079840319,0.30738523,0.0,0,0,0,0,0,0,0,0,0,0,0,0,0,0,0,0,0,0,0,0,0,0,0,0,0,0,0,0,0,822.0
300.0,0,0,0,0,0,0,0,0,0,0,0,0.0,0,0,0,0,0,0,0,0.177644711,0.0,0.0,0,0,0,0,0,0,0,0,0,0,0,0,0,0,0.127744511,0.30738523,0.0,0,0,0,0,0,0,0,0,0,0,0,0,0,0,0,0,0,0,0,0,0,0,0,0,0,0,0,0,0,0.079840319,0.30738523,0.0,0,0,0,0,0,0,0,0,0,0,0,0,0,0,0,0,0,0,0,0,0,0,0,0,0,0,0,0,0,590.0
200.0,0,0,0,0,0,0,0,0,0,0,0,0.0,0,0,0,0,0,0,0,0.177644711,0.0,0.0,0,0,0,0,0,0,0,0,0,0,0,0,0,0,0.127744511,0.30738523,0.0,0,0,0,0,0,0,0,0,0,0,0,0,0,0,0,0,0,0,0,0,0,0,0,0,0,0,0,0,0,0.079840319,0.30738523,0.0,0,0,0,0,0,0,0,0,0,0,0,0,0,0,0,0,0,0,0,0,0,0,0,0,0,0,0,0,0,650.0
100.0,0,0,0,0,0,0,0,0,0,0,0,0.0,0,0,0,0,0,0,0,0.177644711,0.0,0.0,0,0,0,0,0,0,0,0,0,0,0,0,0,0,0.127744511,0.30738523,0.0,0,0,0,0,0,0,0,0,0,0,0,0,0,0,0,0,0,0,0,0,0,0,0,0,0,0,0,0,0,0.079840319,0.30738523,0.0,0,0,0,0,0,0,0,0,0,0,0,0,0,0,0,0,0,0,0,0,0,0,0,0,0,0,0,0,0,765.0
60.0,0,0,0,0,0,0,0,0,0,0,0,0.0,0,0,0,0,0,0,0,0.177644711,0.0,0.0,0,0,0,0,0,0,0,0,0,0,0,0,0,0,0.127744511,0.30738523,0.0,0,0,0,0,0,0,0,0,0,0,0,0,0,0,0,0,0,0,0,0,0,0,0,0,0,0,0,0,0,0.079840319,0.30738523,0.0,0,0,0,0,0,0,0,0,0,0,0,0,0,0,0,0,0,0,0,0,0,0,0,0,0,0,0,0,0,795.0
25.0,0,0,0,0,0,0,0,0,0,0,0,0.0,0,0,0,0,0,0,0,0.25,0.0,0.0,0,0,0,0,0,0,0,0,0,0,0,0,0,0,0.25,0.25,0.125,0,0,0,0,0,0,0,0,0,0,0,0,0,0,0,0,0,0,0,0,0,0,0,0,0,0,0,0,0,0.125,0.0,0.0,0,0,0,0,0,0,0,0,0,0,0,0,0,0,0,0,0,0,0,0,0,0,0,0,0,0,0,0,0,1150.0
25.0,0,0,0,0,0,0,0,0,0,0,0,0.0,0,0,0,0,0,0,0,0.375,0.0,0.0,0,0,0,0,0,0,0,0,0,0,0,0,0,0,0.25,0.125,0.0,0,0,0,0,0,0,0,0,0,0,0,0,0,0,0,0,0,0,0,0,0,0,0,0,0,0,0,0,0,0.125,0.125,0.0,0,0,0,0,0,0,0,0,0,0,0,0,0,0,0,0,0,0,0,0,0,0,0,0,0,0,0,0,0,903.0
25.0,0,0,0,0,0,0,0,0,0,0,0,0.0,0,0,0,0,0,0,0,0.3,0.0,0.0,0,0,0,0,0,0,0,0,0,0,0,0,0,0,0.25,0.2,0.0,0,0,0,0,0,0,0,0,0,0,0,0,0,0,0,0,0,0,0,0,0,0,0,0,0,0,0,0,0,0.15,0.1,0.0,0,0,0,0,0,0,0,0,0,0,0,0,0,0,0,0,0,0,0,0,0,0,0,0,0,0,0,0,0,1150.0
25.0,0,0,0,0,0,0,0,0,0,0,0,0.0,0,0,0,0,0,0,0,0.3,0.0,0.0,0,0,0,0,0,0,0,0,0,0,0,0,0,0,0.25,0.2,0.0,0,0,0,0,0,0,0,0,0,0,0,0,0,0,0,0,0,0,0,0,0,0,0,0,0,0,0,0,0,0.15,0.1,0.0,0,0,0,0,0,0,0,0,0,0,0,0,0,0,0,0,0,0,0,0,0,0,0,0,0,0,0,0,0,1100.0
25.0,0,0,0,0,0,0,0,0,0,0,0,0.0,0,0,0,0,0,0,0,0.3,0.0,0.0,0,0,0,0,0,0,0,0,0,0,0,0,0,0,0.25,0.2,0.0,0,0,0,0,0,0,0,0,0,0,0,0,0,0,0,0,0,0,0,0,0,0,0,0,0,0,0,0,0,0.15,0.1,0.0,0,0,0,0,0,0,0,0,0,0,0,0,0,0,0,0,0,0,0,0,0,0,0,0,0,0,0,0,0,890.0
72.0,0,0,0,0,0,0,0,0,0,0,0,0.0,0,0,0,0,0,0,0,0.3,0.0,0.0,0,0,0,0,0,0,0,0,0,0,0,0,0,0,0.25,0.2,0.0,0,0,0,0,0,0,0,0,0,0,0,0,0,0,0,0,0,0,0,0,0,0,0,0,0,0,0,0,0,0.15,0.1,0.0,0,0,0,0,0,0,0,0,0,0,0,0,0,0,0,0,0,0,0,0,0,0,0,0,0,0,0,0,0,1040.0
72.0,0,0,0,0,0,0,0,0,0,0,0,0.0,0,0,0,0,0,0,0,0.3,0.0,0.0,0,0,0,0,0,0,0,0,0,0,0,0,0,0,0.25,0.2,0.0,0,0,0,0,0,0,0,0,0,0,0,0,0,0,0,0,0,0,0,0,0,0,0,0,0,0,0,0,0,0.15,0.1,0.0,0,0,0,0,0,0,0,0,0,0,0,0,0,0,0,0,0,0,0,0,0,0,0,0,0,0,0,0,0,1020.0
72.0,0,0,0,0,0,0,0,0,0,0,0,0.0,0,0,0,0,0,0,0,0.3,0.0,0.0,0,0,0,0,0,0,0,0,0,0,0,0,0,0,0.25,0.2,0.0,0,0,0,0,0,0,0,0,0,0,0,0,0,0,0,0,0,0,0,0,0,0,0,0,0,0,0,0,0,0.15,0.1,0.0,0,0,0,0,0,0,0,0,0,0,0,0,0,0,0,0,0,0,0,0,0,0,0,0,0,0,0,0,0,640.0
-43.0,0,0,0,0,0,0,0,0,0,0,0,0.0,0,0,0,0,0,0,0,0.3,0.0,0.0,0,0,0,0,0,0,0,0,0,0,0,0,0,0,0.25,0.2,0.0,0,0,0,0,0,0,0,0,0,0,0,0,0,0,0,0,0,0,0,0,0,0,0,0,0,0,0,0,0,0.15,0.1,0.0,0,0,0,0,0,0,0,0,0,0,0,0,0,0,0,0,0,0,0,0,0,0,0,0,0,0,0,0,0,1200.0
-43.0,0,0,0,0,0,0,0,0,0,0,0,0.0,0,0,0,0,0,0,0,0.3,0.0,0.0,0,0,0,0,0,0,0,0,0,0,0,0,0,0,0.25,0.2,0.0,0,0,0,0,0,0,0,0,0,0,0,0,0,0,0,0,0,0,0,0,0,0,0,0,0,0,0,0,0,0.15,0.1,0.0,0,0,0,0,0,0,0,0,0,0,0,0,0,0,0,0,0,0,0,0,0,0,0,0,0,0,0,0,0,1180.0
-43.0,0,0,0,0,0,0,0,0,0,0,0,0.0,0,0,0,0,0,0,0,0.3,0.0,0.0,0,0,0,0,0,0,0,0,0,0,0,0,0,0,0.25,0.2,0.0,0,0,0,0,0,0,0,0,0,0,0,0,0,0,0,0,0,0,0,0,0,0,0,0,0,0,0,0,0,0.15,0.1,0.0,0,0,0,0,0,0,0,0,0,0,0,0,0,0,0,0,0,0,0,0,0,0,0,0,0,0,0,0,0,1020.0
-103.0,0,0,0,0,0,0,0,0,0,0,0,0.0,0,0,0,0,0,0,0,0.3,0.0,0.0,0,0,0,0,0,0,0,0,0,0,0,0,0,0,0.25,0.2,0.0,0,0,0,0,0,0,0,0,0,0,0,0,0,0,0,0,0,0,0,0,0,0,0,0,0,0,0,0,0,0.15,0.1,0.0,0,0,0,0,0,0,0,0,0,0,0,0,0,0,0,0,0,0,0,0,0,0,0,0,0,0,0,0,0,1380.0
-103.0,0,0,0,0,0,0,0,0,0,0,0,0.0,0,0,0,0,0,0,0,0.3,0.0,0.0,0,0,0,0,0,0,0,0,0,0,0,0,0,0,0.25,0.2,0.0,0,0,0,0,0,0,0,0,0,0,0,0,0,0,0,0,0,0,0,0,0,0,0,0,0,0,0,0,0,0.15,0.1,0.0,0,0,0,0,0,0,0,0,0,0,0,0,0,0,0,0,0,0,0,0,0,0,0,0,0,0,0,0,0,1370.0
-103.0,0,0,0,0,0,0,0,0,0,0,0,0.0,0,0,0,0,0,0,0,0.3,0.0,0.0,0,0,0,0,0,0,0,0,0,0,0,0,0,0,0.25,0.2,0.0,0,0,0,0,0,0,0,0,0,0,0,0,0,0,0,0,0,0,0,0,0,0,0,0,0,0,0,0,0,0.15,0.1,0.0,0,0,0,0,0,0,0,0,0,0,0,0,0,0,0,0,0,0,0,0,0,0,0,0,0,0,0,0,0,1250.0
-153.0,0,0,0,0,0,0,0,0,0,0,0,0.0,0,0,0,0,0,0,0,0.3,0.0,0.0,0,0,0,0,0,0,0,0,0,0,0,0,0,0,0.25,0.2,0.0,0,0,0,0,0,0,0,0,0,0,0,0,0,0,0,0,0,0,0,0,0,0,0,0,0,0,0,0,0,0.15,0.1,0.0,0,0,0,0,0,0,0,0,0,0,0,0,0,0,0,0,0,0,0,0,0,0,0,0,0,0,0,0,0,1640.0
-153.0,0,0,0,0,0,0,0,0,0,0,0,0.0,0,0,0,0,0,0,0,0.3,0.0,0.0,0,0,0,0,0,0,0,0,0,0,0,0,0,0,0.25,0.2,0.0,0,0,0,0,0,0,0,0,0,0,0,0,0,0,0,0,0,0,0,0,0,0,0,0,0,0,0,0,0,0.15,0.1,0.0,0,0,0,0,0,0,0,0,0,0,0,0,0,0,0,0,0,0,0,0,0,0,0,0,0,0,0,0,0,1550.0
-153.0,0,0,0,0,0,0,0,0,0,0,0,0.0,0,0,0,0,0,0,0,0.3,0.0,0.0,0,0,0,0,0,0,0,0,0,0,0,0,0,0,0.25,0.2,0.0,0,0,0,0,0,0,0,0,0,0,0,0,0,0,0,0,0,0,0,0,0,0,0,0,0,0,0,0,0,0.15,0.1,0.0,0,0,0,0,0,0,0,0,0,0,0,0,0,0,0,0,0,0,0,0,0,0,0,0,0,0,0,0,0,1370.0
-196.0,0,0,0,0,0,0,0,0,0,0,0,0.0,0,0,0,0,0,0,0,0.3,0.0,0.0,0,0,0,0,0,0,0,0,0,0,0,0,0,0,0.25,0.2,0.0,0,0,0,0,0,0,0,0,0,0,0,0,0,0,0,0,0,0,0,0,0,0,0,0,0,0,0,0,0,0.15,0.1,0.0,0,0,0,0,0,0,0,0,0,0,0,0,0,0,0,0,0,0,0,0,0,0,0,0,0,0,0,0,0,1920.0
-196.0,0,0,0,0,0,0,0,0,0,0,0,0.0,0,0,0,0,0,0,0,0.3,0.0,0.0,0,0,0,0,0,0,0,0,0,0,0,0,0,0,0.25,0.2,0.0,0,0,0,0,0,0,0,0,0,0,0,0,0,0,0,0,0,0,0,0,0,0,0,0,0,0,0,0,0,0.15,0.1,0.0,0,0,0,0,0,0,0,0,0,0,0,0,0,0,0,0,0,0,0,0,0,0,0,0,0,0,0,0,0,1880.0
-196.0,0,0,0,0,0,0,0,0,0,0,0,0.0,0,0,0,0,0,0,0,0.3,0.0,0.0,0,0,0,0,0,0,0,0,0,0,0,0,0,0,0.25,0.2,0.0,0,0,0,0,0,0,0,0,0,0,0,0,0,0,0,0,0,0,0,0,0,0,0,0,0,0,0,0,0,0.15,0.1,0.0,0,0,0,0,0,0,0,0,0,0,0,0,0,0,0,0,0,0,0,0,0,0,0,0,0,0,0,0,0,1750.0
-268.8,0,0,0,0,0,0,0,0,0,0,0,0.0,0,0,0,0,0,0,0,0.3,0.0,0.0,0,0,0,0,0,0,0,0,0,0,0,0,0,0,0.25,0.2,0.0,0,0,0,0,0,0,0,0,0,0,0,0,0,0,0,0,0,0,0,0,0,0,0,0,0,0,0,0,0,0.15,0.1,0.0,0,0,0,0,0,0,0,0,0,0,0,0,0,0,0,0,0,0,0,0,0,0,0,0,0,0,0,0,0,2390.0
-268.8,0,0,0,0,0,0,0,0,0,0,0,0.0,0,0,0,0,0,0,0,0.3,0.0,0.0,0,0,0,0,0,0,0,0,0,0,0,0,0,0,0.25,0.2,0.0,0,0,0,0,0,0,0,0,0,0,0,0,0,0,0,0,0,0,0,0,0,0,0,0,0,0,0,0,0,0.15,0.1,0.0,0,0,0,0,0,0,0,0,0,0,0,0,0,0,0,0,0,0,0,0,0,0,0,0,0,0,0,0,0,2250.0
-268.8,0,0,0,0,0,0,0,0,0,0,0,0.0,0,0,0,0,0,0,0,0.3,0.0,0.0,0,0,0,0,0,0,0,0,0,0,0,0,0,0,0.25,0.2,0.0,0,0,0,0,0,0,0,0,0,0,0,0,0,0,0,0,0,0,0,0,0,0,0,0,0,0,0,0,0,0.15,0.1,0.0,0,0,0,0,0,0,0,0,0,0,0,0,0,0,0,0,0,0,0,0,0,0,0,0,0,0,0,0,0,2210.0
25.0,0,0,0,0,0,0,0,0,0,0,0,0.0,0,0,0,0,0,0,0,0.19047619,0.0,0.0,0,0,0,0,0,0,0,0,0,0,0,0,0,0,0.19047619,0.19047619,0.047619048,0,0,0,0,0,0,0,0,0,0,0,0,0,0,0,0,0,0,0,0,0,0,0,0,0,0,0,0,0,0.19047619,0.19047619,0.0,0,0,0,0,0,0,0,0,0,0,0,0,0,0,0,0,0,0,0,0,0,0,0,0,0,0,0,0,0,1112.0
25.0,0,0,0,0,0,0,0,0,0,0,0,0.0,0,0,0,0,0,0,0,0.181818182,0.0,0.0,0,0,0,0,0,0,0,0,0,0,0,0,0,0,0.181818182,0.181818182,0.090909091,0,0,0,0,0,0,0,0,0,0,0,0,0,0,0,0,0,0,0,0,0,0,0,0,0,0,0,0,0,0.181818182,0.181818182,0.0,0,0,0,0,0,0,0,0,0,0,0,0,0,0,0,0,0,0,0,0,0,0,0,0,0,0,0,0,0,1317.0
25.0,0,0,0,0,0,0,0,0,0,0,0,0.0,0,0,0,0,0,0,0,0.173913043,0.0,0.0,0,0,0,0,0,0,0,0,0,0,0,0,0,0,0.173913043,0.173913043,0.130434783,0,0,0,0,0,0,0,0,0,0,0,0,0,0,0,0,0,0,0,0,0,0,0,0,0,0,0,0,0,0.173913043,0.173913043,0.0,0,0,0,0,0,0,0,0,0,0,0,0,0,0,0,0,0,0,0,0,0,0,0,0,0,0,0,0,0,1373.0
25.0,0,0,0,0,0,0,0,0,0,0,0,0.0,0,0,0,0,0,0,0,0.166666667,0.0,0.0,0,0,0,0,0,0,0,0,0,0,0,0,0,0,0.166666667,0.166666667,0.166666667,0,0,0,0,0,0,0,0,0,0,0,0,0,0,0,0,0,0,0,0,0,0,0,0,0,0,0,0,0,0.166666667,0.166666667,0.0,0,0,0,0,0,0,0,0,0,0,0,0,0,0,0,0,0,0,0,0,0,0,0,0,0,0,0,0,0,1512.0
25.0,0,0,0,0,0,0,0,0,0,0,0,0.0,0,0,0,0,0,0,0,0.2,0.0,0.0,0,0,0,0,0,0,0,0,0,0,0,0,0,0,0.2,0.2,0.0,0,0,0,0,0,0,0,0,0,0,0,0,0,0,0,0,0,0,0,0,0,0,0,0,0,0,0,0,0,0.2,0.2,0.0,0,0,0,0,0,0,0,0,0,0,0,0,0,0,0,0,0,0,0,0,0,0,0,0,0,0,0,0,0,1015.0
25.0,0,0,0,0,0,0,0,0,0,0,0,0.0,0,0,0,0,0,0,0,0.25,0.125,0.0,0,0,0,0,0,0,0,0,0,0,0,0,0,0,0.0,0.25,0.125,0,0,0,0,0,0,0,0,0,0,0,0,0,0,0,0,0,0,0,0,0,0,0,0,0,0,0,0,0,0.25,0.0,0.0,0,0,0,0,0,0,0,0,0,0,0,0,0,0,0,0,0,0,0,0,0,0,0,0,0,0,0,0,0,1260.0
1200.0,0,0,0,0,0,0,0,0,0,0,0,0.0,0,0,0,0,0,0,0,0.25,0.125,0.0,0,0,0,0,0,0,0,0,0,0,0,0,0,0,0.0,0.25,0.125,0,0,0,0,0,0,0,0,0,0,0,0,0,0,0,0,0,0,0,0,0,0,0,0,0,0,0,0,0,0.25,0.0,0.0,0,0,0,0,0,0,0,0,0,0,0,0,0,0,0,0,0,0,0,0,0,0,0,0,0,0,0,0,0,60.0
1000.0,0,0,0,0,0,0,0,0,0,0,0,0.0,0,0,0,0,0,0,0,0.25,0.125,0.0,0,0,0,0,0,0,0,0,0,0,0,0,0,0,0.0,0.25,0.125,0,0,0,0,0,0,0,0,0,0,0,0,0,0,0,0,0,0,0,0,0,0,0,0,0,0,0,0,0,0.25,0.0,0.0,0,0,0,0,0,0,0,0,0,0,0,0,0,0,0,0,0,0,0,0,0,0,0,0,0,0,0,0,0,368.0
25.0,0,0,0,0,0,0,0,0,0,0,0,0.0,0,0,0,0,0,0,0,0.166666667,0.0,0.0,0,0,0,0,0,0,0,0,0,0,0,0,0,0,0.166666667,0.166666667,0.166666667,0,0,0,0,0,0,0,0,0,0,0,0,0,0,0,0,0,0,0,0,0,0,0,0,0,0,0,0,0,0.166666667,0.166666667,0.0,0,0,0,0,0,0,0,0,0,0,0,0,0,0,0,0,0,0,0,0,0,0,0,0,0,0,0,0,0,1512.0
1200.0,0,0,0,0,0,0,0,0,0,0,0,0.0,0,0,0,0,0,0,0,0.166666667,0.0,0.0,0,0,0,0,0,0,0,0,0,0,0,0,0,0,0.166666667,0.166666667,0.166666667,0,0,0,0,0,0,0,0,0,0,0,0,0,0,0,0,0,0,0,0,0,0,0,0,0,0,0,0,0,0.166666667,0.166666667,0.0,0,0,0,0,0,0,0,0,0,0,0,0,0,0,0,0,0,0,0,0,0,0,0,0,0,0,0,0,0,556.0
1000.0,0,0,0,0,0,0,0,0,0,0,0,0.0,0,0,0,0,0,0,0,0.166666667,0.0,0.0,0,0,0,0,0,0,0,0,0,0,0,0,0,0,0.166666667,0.166666667,0.166666667,0,0,0,0,0,0,0,0,0,0,0,0,0,0,0,0,0,0,0,0,0,0,0,0,0,0,0,0,0,0.166666667,0.166666667,0.0,0,0,0,0,0,0,0,0,0,0,0,0,0,0,0,0,0,0,0,0,0,0,0,0,0,0,0,0,0,814.0
800.0,0,0,0,0,0,0,0,0,0,0,0,0.0,0,0,0,0,0,0,0,0.166666667,0.0,0.0,0,0,0,0,0,0,0,0,0,0,0,0,0,0,0.166666667,0.166666667,0.166666667,0,0,0,0,0,0,0,0,0,0,0,0,0,0,0,0,0,0,0,0,0,0,0,0,0,0,0,0,0,0.166666667,0.166666667,0.0,0,0,0,0,0,0,0,0,0,0,0,0,0,0,0,0,0,0,0,0,0,0,0,0,0,0,0,0,0,1007.0
25.0,0,0,0,0,0,0,0,0,0,0,0,0.0,0,0,0,0,0,0,0,0.2,0.0,0.0,0,0,0,0,0,0,0,0,0,0,0,0,0,0,0.2,0.0,0.2,0,0,0,0,0,0,0,0,0,0,0,0,0,0,0,0,0,0,0,0,0,0,0,0,0,0,0,0,0,0.2,0.2,0.0,0,0,0,0,0,0,0,0,0,0,0,0,0,0,0,0,0,0,0,0,0,0,0,0,0,0,0,0,0,1600.0
1200.0,0,0,0,0,0,0,0,0,0,0,0,0.0,0,0,0,0,0,0,0,0.2,0.0,0.0,0,0,0,0,0,0,0,0,0,0,0,0,0,0,0.2,0.0,0.2,0,0,0,0,0,0,0,0,0,0,0,0,0,0,0,0,0,0,0,0,0,0,0,0,0,0,0,0,0,0.2,0.2,0.0,0,0,0,0,0,0,0,0,0,0,0,0,0,0,0,0,0,0,0,0,0,0,0,0,0,0,0,0,0,404.0
1000.0,0,0,0,0,0,0,0,0,0,0,0,0.0,0,0,0,0,0,0,0,0.2,0.0,0.0,0,0,0,0,0,0,0,0,0,0,0,0,0,0,0.2,0.0,0.2,0,0,0,0,0,0,0,0,0,0,0,0,0,0,0,0,0,0,0,0,0,0,0,0,0,0,0,0,0,0.2,0.2,0.0,0,0,0,0,0,0,0,0,0,0,0,0,0,0,0,0,0,0,0,0,0,0,0,0,0,0,0,0,0,855.0
800.0,0,0,0,0,0,0,0,0,0,0,0,0.0,0,0,0,0,0,0,0,0.2,0.0,0.0,0,0,0,0,0,0,0,0,0,0,0,0,0,0,0.2,0.0,0.2,0,0,0,0,0,0,0,0,0,0,0,0,0,0,0,0,0,0,0,0,0,0,0,0,0,0,0,0,0,0.2,0.2,0.0,0,0,0,0,0,0,0,0,0,0,0,0,0,0,0,0,0,0,0,0,0,0,0,0,0,0,0,0,0,1045.0
25.0,0,0,0,0,0,0,0,0,0,0,0,0.0,0,0,0,0,0,0,0,0.2,0.0,0.0,0,0,0,0,0,0,0,0,0,0,0,0,0,0,0.2,0.2,0.2,0,0,0,0,0,0,0,0,0,0,0,0,0,0,0,0,0,0,0,0,0,0,0,0,0,0,0,0,0,0.2,0.0,0.0,0,0,0,0,0,0,0,0,0,0,0,0,0,0,0,0,0,0,0,0,0,0,0,0,0,0,0,0,0,1719.0
25.0,0,0,0,0,0,0,0,0,0,0,0,0.0,0,0,0,0,0,0,0,0.2,0.0,0.0,0,0,0,0,0,0,0,0,0,0,0,0,0,0,0.2,0.2,0.2,0,0,0,0,0,0,0,0,0,0,0,0,0,0,0,0,0,0,0,0,0,0,0,0,0,0,0,0,0,0.2,0.0,0.0,0,0,0,0,0,0,0,0,0,0,0,0,0,0,0,0,0,0,0,0,0,0,0,0,0,0,0,0,0,1575.0
1200.0,0,0,0,0,0,0,0,0,0,0,0,0.0,0,0,0,0,0,0,0,0.2,0.0,0.0,0,0,0,0,0,0,0,0,0,0,0,0,0,0,0.2,0.2,0.2,0,0,0,0,0,0,0,0,0,0,0,0,0,0,0,0,0,0,0,0,0,0,0,0,0,0,0,0,0,0.2,0.0,0.0,0,0,0,0,0,0,0,0,0,0,0,0,0,0,0,0,0,0,0,0,0,0,0,0,0,0,0,0,0,187.0
1100.0,0,0,0,0,0,0,0,0,0,0,0,0.0,0,0,0,0,0,0,0,0.2,0.0,0.0,0,0,0,0,0,0,0,0,0,0,0,0,0,0,0.2,0.2,0.2,0,0,0,0,0,0,0,0,0,0,0,0,0,0,0,0,0,0,0,0,0,0,0,0,0,0,0,0,0,0.2,0.0,0.0,0,0,0,0,0,0,0,0,0,0,0,0,0,0,0,0,0,0,0,0,0,0,0,0,0,0,0,0,0,397.0
1000.0,0,0,0,0,0,0,0,0,0,0,0,0.0,0,0,0,0,0,0,0,0.2,0.0,0.0,0,0,0,0,0,0,0,0,0,0,0,0,0,0,0.2,0.2,0.2,0,0,0,0,0,0,0,0,0,0,0,0,0,0,0,0,0,0,0,0,0,0,0,0,0,0,0,0,0,0.2,0.0,0.0,0,0,0,0,0,0,0,0,0,0,0,0,0,0,0,0,0,0,0,0,0,0,0,0,0,0,0,0,0,635.0
900.0,0,0,0,0,0,0,0,0,0,0,0,0.0,0,0,0,0,0,0,0,0.2,0.0,0.0,0,0,0,0,0,0,0,0,0,0,0,0,0,0,0.2,0.2,0.2,0,0,0,0,0,0,0,0,0,0,0,0,0,0,0,0,0,0,0,0,0,0,0,0,0,0,0,0,0,0.2,0.0,0.0,0,0,0,0,0,0,0,0,0,0,0,0,0,0,0,0,0,0,0,0,0,0,0,0,0,0,0,0,0,728.0
800.0,0,0,0,0,0,0,0,0,0,0,0,0.0,0,0,0,0,0,0,0,0.2,0.0,0.0,0,0,0,0,0,0,0,0,0,0,0,0,0,0,0.2,0.2,0.2,0,0,0,0,0,0,0,0,0,0,0,0,0,0,0,0,0,0,0,0,0,0,0,0,0,0,0,0,0,0.2,0.0,0.0,0,0,0,0,0,0,0,0,0,0,0,0,0,0,0,0,0,0,0,0,0,0,0,0,0,0,0,0,0,825.0
25.0,0,0,0,0,0,0,0,0,0,0,0,0.0,0,0,0,0,0,0,0,0.349862259,0.0,0.0,0,0,0,0,0,0,0,0,0,0,0,0,0,0,0.275482094,0.049586777,0.0,0,0,0,0,0,0,0,0,0,0,0,0,0,0,0,0,0,0,0,0,0,0,0,0,0,0,0,0,0,0.275482094,0.049586777,0.0,0,0,0,0,0,0,0,0,0,0,0,0,0,0,0,0,0,0,0,0,0,0,0,0,0,0,0,0,0,540.0
25.0,0,0,0,0,0,0,0,0,0,0,0,0.0,0,0,0,0,0,0,0,0.2,0.0,0.0,0,0,0,0,0,0,0,0,0,0,0,0,0,0,0.2,0.2,0.0,0,0,0,0,0,0,0,0,0,0,0,0,0,0,0,0,0,0,0,0,0,0,0,0,0,0,0,0,0,0.2,0.2,0.0,0,0,0,0,0,0,0,0,0,0,0,0,0,0,0,0,0,0,0,0,0,0,0,0,0,0,0,0,0,1520.0
25.0,0,0,0,0,0,0,0,0,0,0,0,0.0,0,0,0,0,0,0,0,0.2,0.0,0.0,0,0,0,0,0,0,0,0,0,0,0,0,0,0,0.2,0.2,0.0,0,0,0,0,0,0,0,0,0,0,0,0,0,0,0,0,0,0,0,0,0,0,0,0,0,0,0,0,0,0.2,0.2,0.0,0,0,0,0,0,0,0,0,0,0,0,0,0,0,0,0,0,0,0,0,0,0,0,0,0,0,0,0,0,795.0
25.0,0,0,0,0,0,0,0,0,0,0,0,0.0,0,0,0,0,0,0,0,0.2,0.0,0.0,0,0,0,0,0,0,0,0,0,0,0,0,0,0,0.2,0.2,0.0,0,0,0,0,0,0,0,0,0,0,0,0,0,0,0,0,0,0,0,0,0,0,0,0,0,0,0,0,0,0.2,0.2,0.0,0,0,0,0,0,0,0,0,0,0,0,0,0,0,0,0,0,0,0,0,0,0,0,0,0,0,0,0,0,1900.0
25.0,0,0,0,0,0,0,0,0,0,0,0,0.0,0,0,0,0,0,0,0,0.2,0.0,0.0,0,0,0,0,0,0,0,0,0,0,0,0,0,0,0.2,0.2,0.0,0,0,0,0,0,0,0,0,0,0,0,0,0,0,0,0,0,0,0,0,0,0,0,0,0,0,0,0,0,0.2,0.2,0.0,0,0,0,0,0,0,0,0,0,0,0,0,0,0,0,0,0,0,0,0,0,0,0,0,0,0,0,0,0,830.0
25.0,0,0,0,0,0,0,0,0,0,0,0,0.0,0,0,0,0,0,0,0,0.2,0.0,0.0,0,0,0,0,0,0,0,0,0,0,0,0,0,0,0.2,0.2,0.0,0,0,0,0,0,0,0,0,0,0,0,0,0,0,0,0,0,0,0,0,0,0,0,0,0,0,0,0,0,0.2,0.2,0.0,0,0,0,0,0,0,0,0,0,0,0,0,0,0,0,0,0,0,0,0,0,0,0,0,0,0,0,0,0,1303.0
25.0,0,0,0,0,0,0,0,0,0,0,0,0.0,0,0,0,0,0,0,0,0.2,0.0,0.0,0,0,0,0,0,0,0,0,0,0,0,0,0,0,0.2,0.2,0.0,0,0,0,0,0,0,0,0,0,0,0,0,0,0,0,0,0,0,0,0,0,0,0,0,0,0,0,0,0,0.2,0.2,0.0,0,0,0,0,0,0,0,0,0,0,0,0,0,0,0,0,0,0,0,0,0,0,0,0,0,0,0,0,0,1202.0
25.0,0,0,0,0,0,0,0,0,0,0,0,0.0,0,0,0,0,0,0,0,0.2,0.0,0.0,0,0,0,0,0,0,0,0,0,0,0,0,0,0,0.2,0.2,0.0,0,0,0,0,0,0,0,0,0,0,0,0,0,0,0,0,0,0,0,0,0,0,0,0,0,0,0,0,0,0.2,0.2,0.0,0,0,0,0,0,0,0,0,0,0,0,0,0,0,0,0,0,0,0,0,0,0,0,0,0,0,0,0,0,1145.0
25.0,0,0,0,0,0,0,0,0,0,0,0,0.0,0,0,0,0,0,0,0,0.2,0.0,0.0,0,0,0,0,0,0,0,0,0,0,0,0,0,0,0.2,0.2,0.0,0,0,0,0,0,0,0,0,0,0,0,0,0,0,0,0,0,0,0,0,0,0,0,0,0,0,0,0,0,0.2,0.2,0.0,0,0,0,0,0,0,0,0,0,0,0,0,0,0,0,0,0,0,0,0,0,0,0,0,0,0,0,0,0,958.0
25.0,0,0,0,0,0,0,0,0,0,0,0,0.0,0,0,0,0,0,0,0,0.2,0.0,0.0,0,0,0,0,0,0,0,0,0,0,0,0,0,0,0.2,0.2,0.0,0,0,0,0,0,0,0,0,0,0,0,0,0,0,0,0,0,0,0,0,0,0,0,0,0,0,0,0,0,0.2,0.2,0.0,0,0,0,0,0,0,0,0,0,0,0,0,0,0,0,0,0,0,0,0,0,0,0,0,0,0,0,0,0,944.0
25.0,0,0,0,0,0,0,0,0,0,0,0,0.0,0,0,0,0,0,0,0,0.2,0.0,0.0,0,0,0,0,0,0,0,0,0,0,0,0,0,0,0.2,0.2,0.0,0,0,0,0,0,0,0,0,0,0,0,0,0,0,0,0,0,0,0,0,0,0,0,0,0,0,0,0,0,0.2,0.2,0.0,0,0,0,0,0,0,0,0,0,0,0,0,0,0,0,0,0,0,0,0,0,0,0,0,0,0,0,0,0,940.0
25.0,0,0,0,0,0,0,0,0,0,0,0,0.0,0,0,0,0,0,0,0,0.2,0.0,0.0,0,0,0,0,0,0,0,0,0,0,0,0,0,0,0.2,0.2,0.0,0,0,0,0,0,0,0,0,0,0,0,0,0,0,0,0,0,0,0,0,0,0,0,0,0,0,0,0,0,0.2,0.2,0.0,0,0,0,0,0,0,0,0,0,0,0,0,0,0,0,0,0,0,0,0,0,0,0,0,0,0,0,0,0,940.0
25.0,0,0,0,0,0,0,0,0,0,0,0,0.0,0,0,0,0,0,0,0,0.2,0.0,0.0,0,0,0,0,0,0,0,0,0,0,0,0,0,0,0.2,0.2,0.0,0,0,0,0,0,0,0,0,0,0,0,0,0,0,0,0,0,0,0,0,0,0,0,0,0,0,0,0,0,0.2,0.2,0.0,0,0,0,0,0,0,0,0,0,0,0,0,0,0,0,0,0,0,0,0,0,0,0,0,0,0,0,0,0,929.0
25.0,0,0,0,0,0,0,0,0,0,0,0,0.0,0,0,0,0,0,0,0,0.2,0.0,0.0,0,0,0,0,0,0,0,0,0,0,0,0,0,0,0.2,0.2,0.0,0,0,0,0,0,0,0,0,0,0,0,0,0,0,0,0,0,0,0,0,0,0,0,0,0,0,0,0,0,0.2,0.2,0.0,0,0,0,0,0,0,0,0,0,0,0,0,0,0,0,0,0,0,0,0,0,0,0,0,0,0,0,0,0,905.0
25.0,0,0,0,0,0,0,0,0,0,0,0,0.0,0,0,0,0,0,0,0,0.2,0.0,0.0,0,0,0,0,0,0,0,0,0,0,0,0,0,0,0.2,0.2,0.0,0,0,0,0,0,0,0,0,0,0,0,0,0,0,0,0,0,0,0,0,0,0,0,0,0,0,0,0,0,0.2,0.2,0.0,0,0,0,0,0,0,0,0,0,0,0,0,0,0,0,0,0,0,0,0,0,0,0,0,0,0,0,0,0,890.0
25.0,0,0,0,0,0,0,0,0,0,0,0,0.0,0,0,0,0,0,0,0,0.2,0.0,0.0,0,0,0,0,0,0,0,0,0,0,0,0,0,0,0.2,0.2,0.0,0,0,0,0,0,0,0,0,0,0,0,0,0,0,0,0,0,0,0,0,0,0,0,0,0,0,0,0,0,0.2,0.2,0.0,0,0,0,0,0,0,0,0,0,0,0,0,0,0,0,0,0,0,0,0,0,0,0,0,0,0,0,0,0,828.0
25.0,0,0,0,0,0,0,0,0,0,0,0,0.0,0,0,0,0,0,0,0,0.2,0.0,0.0,0,0,0,0,0,0,0,0,0,0,0,0,0,0,0.2,0.2,0.0,0,0,0,0,0,0,0,0,0,0,0,0,0,0,0,0,0,0,0,0,0,0,0,0,0,0,0,0,0,0.2,0.2,0.0,0,0,0,0,0,0,0,0,0,0,0,0,0,0,0,0,0,0,0,0,0,0,0,0,0,0,0,0,0,827.0
25.0,0,0,0,0,0,0,0,0,0,0,0,0.0,0,0,0,0,0,0,0,0.2,0.0,0.0,0,0,0,0,0,0,0,0,0,0,0,0,0,0,0.2,0.2,0.0,0,0,0,0,0,0,0,0,0,0,0,0,0,0,0,0,0,0,0,0,0,0,0,0,0,0,0,0,0,0.2,0.2,0.0,0,0,0,0,0,0,0,0,0,0,0,0,0,0,0,0,0,0,0,0,0,0,0,0,0,0,0,0,0,820.0
25.0,0,0,0,0,0,0,0,0,0,0,0,0.0,0,0,0,0,0,0,0,0.2,0.0,0.0,0,0,0,0,0,0,0,0,0,0,0,0,0,0,0.2,0.2,0.0,0,0,0,0,0,0,0,0,0,0,0,0,0,0,0,0,0,0,0,0,0,0,0,0,0,0,0,0,0,0.2,0.2,0.0,0,0,0,0,0,0,0,0,0,0,0,0,0,0,0,0,0,0,0,0,0,0,0,0,0,0,0,0,0,803.0
1200.0,0,0,0,0,0,0,0,0,0,0,0,0.0,0,0,0,0,0,0,0,0.2,0.0,0.0,0,0,0,0,0,0,0,0,0,0,0,0,0,0,0.2,0.2,0.0,0,0,0,0,0,0,0,0,0,0,0,0,0,0,0,0,0,0,0,0,0,0,0,0,0,0,0,0,0,0.2,0.2,0.0,0,0,0,0,0,0,0,0,0,0,0,0,0,0,0,0,0,0,0,0,0,0,0,0,0,0,0,0,0,92.0
1000.0,0,0,0,0,0,0,0,0,0,0,0,0.0,0,0,0,0,0,0,0,0.2,0.0,0.0,0,0,0,0,0,0,0,0,0,0,0,0,0,0,0.2,0.2,0.0,0,0,0,0,0,0,0,0,0,0,0,0,0,0,0,0,0,0,0,0,0,0,0,0,0,0,0,0,0,0.2,0.2,0.0,0,0,0,0,0,0,0,0,0,0,0,0,0,0,0,0,0,0,0,0,0,0,0,0,0,0,0,0,0,295.0
800.0,0,0,0,0,0,0,0,0,0,0,0,0.0,0,0,0,0,0,0,0,0.2,0.0,0.0,0,0,0,0,0,0,0,0,0,0,0,0,0,0,0.2,0.2,0.0,0,0,0,0,0,0,0,0,0,0,0,0,0,0,0,0,0,0,0,0,0,0,0,0,0,0,0,0,0,0.2,0.2,0.0,0,0,0,0,0,0,0,0,0,0,0,0,0,0,0,0,0,0,0,0,0,0,0,0,0,0,0,0,0,550.0
800.0,0,0,0,0,0,0,0,0,0,0,0,0.0,0,0,0,0,0,0,0,0.2,0.0,0.0,0,0,0,0,0,0,0,0,0,0,0,0,0,0,0.2,0.2,0.0,0,0,0,0,0,0,0,0,0,0,0,0,0,0,0,0,0,0,0,0,0,0,0,0,0,0,0,0,0,0.2,0.2,0.0,0,0,0,0,0,0,0,0,0,0,0,0,0,0,0,0,0,0,0,0,0,0,0,0,0,0,0,0,0,543.0
800.0,0,0,0,0,0,0,0,0,0,0,0,0.0,0,0,0,0,0,0,0,0.2,0.0,0.0,0,0,0,0,0,0,0,0,0,0,0,0,0,0,0.2,0.2,0.0,0,0,0,0,0,0,0,0,0,0,0,0,0,0,0,0,0,0,0,0,0,0,0,0,0,0,0,0,0,0.2,0.2,0.0,0,0,0,0,0,0,0,0,0,0,0,0,0,0,0,0,0,0,0,0,0,0,0,0,0,0,0,0,0,535.0
800.0,0,0,0,0,0,0,0,0,0,0,0,0.0,0,0,0,0,0,0,0,0.2,0.0,0.0,0,0,0,0,0,0,0,0,0,0,0,0,0,0,0.2,0.2,0.0,0,0,0,0,0,0,0,0,0,0,0,0,0,0,0,0,0,0,0,0,0,0,0,0,0,0,0,0,0,0.2,0.2,0.0,0,0,0,0,0,0,0,0,0,0,0,0,0,0,0,0,0,0,0,0,0,0,0,0,0,0,0,0,0,475.0
800.0,0,0,0,0,0,0,0,0,0,0,0,0.0,0,0,0,0,0,0,0,0.2,0.0,0.0,0,0,0,0,0,0,0,0,0,0,0,0,0,0,0.2,0.2,0.0,0,0,0,0,0,0,0,0,0,0,0,0,0,0,0,0,0,0,0,0,0,0,0,0,0,0,0,0,0,0.2,0.2,0.0,0,0,0,0,0,0,0,0,0,0,0,0,0,0,0,0,0,0,0,0,0,0,0,0,0,0,0,0,0,285.0
600.0,0,0,0,0,0,0,0,0,0,0,0,0.0,0,0,0,0,0,0,0,0.2,0.0,0.0,0,0,0,0,0,0,0,0,0,0,0,0,0,0,0.2,0.2,0.0,0,0,0,0,0,0,0,0,0,0,0,0,0,0,0,0,0,0,0,0,0,0,0,0,0,0,0,0,0,0.2,0.2,0.0,0,0,0,0,0,0,0,0,0,0,0,0,0,0,0,0,0,0,0,0,0,0,0,0,0,0,0,0,0,675.0
400.0,0,0,0,0,0,0,0,0,0,0,0,0.0,0,0,0,0,0,0,0,0.2,0.0,0.0,0,0,0,0,0,0,0,0,0,0,0,0,0,0,0.2,0.2,0.0,0,0,0,0,0,0,0,0,0,0,0,0,0,0,0,0,0,0,0,0,0,0,0,0,0,0,0,0,0,0.2,0.2,0.0,0,0,0,0,0,0,0,0,0,0,0,0,0,0,0,0,0,0,0,0,0,0,0,0,0,0,0,0,0,790.0
25.0,0,0,0,0,0,0,0,0,0,0,0,0.0,0,0,0,0,0,0,0,0.2,0.0,0.0,0,0,0,0,0,0,0,0,0,0,0,0,0,0,0.2,0.2,0.0,0,0,0,0,0,0,0,0,0,0,0,0,0,0,0,0,0,0,0,0,0,0,0,0,0,0,0,0,0,0.2,0.2,0.0,0,0,0,0,0,0,0,0,0,0,0,0,0,0,0,0,0,0,0,0,0,0,0,0,0,0,0,0,0,929.0
25.0,0,0,0,0,0,0,0,0,0,0,0,0.0,0,0,0,0,0,0,0,0.0,0.0,0.0,0,0,0,0,0,0,0,0,0,0,0,0,0,0,0.25,0.25,0.0,0,0,0,0,0,0,0,0,0,0,0,0,0,0,0,0,0,0,0,0,0,0,0,0,0,0,0,0,0,0.25,0.25,0.0,0,0,0,0,0,0,0,0,0,0,0,0,0,0,0,0,0,0,0,0,0,0,0,0,0,0,0,0,0,2310.0
25.0,0,0,0,0,0,0,0,0,0,0,0,0.0,0,0,0,0,0,0,0,0.0,0.0,0.0,0,0,0,0,0,0,0,0,0,0,0,0,0,0,0.25,0.25,0.0,0,0,0,0,0,0,0,0,0,0,0,0,0,0,0,0,0,0,0,0,0,0,0,0,0,0,0,0,0,0.25,0.25,0.0,0,0,0,0,0,0,0,0,0,0,0,0,0,0,0,0,0,0,0,0,0,0,0,0,0,0,0,0,0,2100.0
25.0,0,0,0,0,0,0,0,0,0,0,0,0.0,0,0,0,0,0,0,0,0.0,0.0,0.0,0,0,0,0,0,0,0,0,0,0,0,0,0,0,0.25,0.25,0.0,0,0,0,0,0,0,0,0,0,0,0,0,0,0,0,0,0,0,0,0,0,0,0,0,0,0,0,0,0,0.25,0.25,0.0,0,0,0,0,0,0,0,0,0,0,0,0,0,0,0,0,0,0,0,0,0,0,0,0,0,0,0,0,0,1995.0
25.0,0,0,0,0,0,0,0,0,0,0,0,0.0,0,0,0,0,0,0,0,0.0,0.0,0.0,0,0,0,0,0,0,0,0,0,0,0,0,0,0,0.25,0.25,0.0,0,0,0,0,0,0,0,0,0,0,0,0,0,0,0,0,0,0,0,0,0,0,0,0,0,0,0,0,0,0.25,0.25,0.0,0,0,0,0,0,0,0,0,0,0,0,0,0,0,0,0,0,0,0,0,0,0,0,0,0,0,0,0,0,1740.0
25.0,0,0,0,0,0,0,0,0,0,0,0,0.0,0,0,0,0,0,0,0,0.0,0.0,0.0,0,0,0,0,0,0,0,0,0,0,0,0,0,0,0.25,0.25,0.0,0,0,0,0,0,0,0,0,0,0,0,0,0,0,0,0,0,0,0,0,0,0,0,0,0,0,0,0,0,0.25,0.25,0.0,0,0,0,0,0,0,0,0,0,0,0,0,0,0,0,0,0,0,0,0,0,0,0,0,0,0,0,0,0,1315.0
25.0,0,0,0,0,0,0,0,0,0,0,0,0.0,0,0,0,0,0,0,0,0.25,0.0,0.0,0,0,0,0,0,0,0,0,0,0,0,0,0,0,0.25,0.25,0.0,0,0,0,0,0,0,0,0,0,0,0,0,0,0,0,0,0,0,0,0,0,0,0,0,0,0,0,0,0,0.25,0.0,0.0,0,0,0,0,0,0,0,0,0,0,0,0,0,0,0,0,0,0,0,0,0,0,0,0,0,0,0,0,0,879.0
25.0,0,0,0,0,0,0,0,0,0,0,0,0.0,0,0,0,0,0,0,0,0.294117647,0.0,0.0,0,0,0,0,0,0,0,0,0,0,0,0,0,0,0.294117647,0.0,0.0,0,0,0,0,0,0,0,0,0,0,0,0,0,0,0,0,0,0,0,0,0,0,0,0,0,0,0,0,0,0.294117647,0.117647059,0.0,0,0,0,0,0,0,0,0,0,0,0,0,0,0,0,0,0,0,0,0,0,0,0,0,0,0,0,0,0,400.0
25.0,0,0,0,0,0,0,0,0,0,0,0,0.0,0,0,0,0,0,0,0,0.285714286,0.0,0.0,0,0,0,0,0,0,0,0,0,0,0,0,0,0,0.285714286,0.0,0.0,0,0,0,0,0,0,0,0,0,0,0,0,0,0,0,0,0,0,0,0,0,0,0,0,0,0,0,0,0,0.285714286,0.142857143,0.0,0,0,0,0,0,0,0,0,0,0,0,0,0,0,0,0,0,0,0,0,0,0,0,0,0,0,0,0,0,700.0
25.0,0,0,0,0,0,0,0,0,0,0,0,0.0,0,0,0,0,0,0,0,0.277777778,0.0,0.0,0,0,0,0,0,0,0,0,0,0,0,0,0,0,0.277777778,0.0,0.0,0,0,0,0,0,0,0,0,0,0,0,0,0,0,0,0,0,0,0,0,0,0,0,0,0,0,0,0,0,0.277777778,0.166666667,0.0,0,0,0,0,0,0,0,0,0,0,0,0,0,0,0,0,0,0,0,0,0,0,0,0,0,0,0,0,0,800.0
25.0,0,0,0,0,0,0,0,0,0,0,0,0.0,0,0,0,0,0,0,0,0.25,0.0,0.0,0,0,0,0,0,0,0,0,0,0,0,0,0,0,0.25,0.0,0.0,0,0,0,0,0,0,0,0,0,0,0,0,0,0,0,0,0,0,0,0,0,0,0,0,0,0,0,0,0,0.25,0.25,0.0,0,0,0,0,0,0,0,0,0,0,0,0,0,0,0,0,0,0,0,0,0,0,0,0,0,0,0,0,0,1500.0
25.0,0,0,0,0,0,0,0,0,0,0,0,0.0,0,0,0,0,0,0,0,0.294117647,0.088235294,0.0,0,0,0,0,0,0,0,0,0,0,0,0,0,0,0.294117647,0.294117647,0.029411765,0,0,0,0,0,0,0,0,0,0,0,0,0,0,0,0,0,0,0,0,0,0,0,0,0,0,0,0,0,0.0,0.0,0.0,0,0,0,0,0,0,0,0,0,0,0,0,0,0,0,0,0,0,0,0,0,0,0,0,0,0,0,0,0,932.0
25.0,0,0,0,0,0,0,0,0,0,0,0,0.0,0,0,0,0,0,0,0,0.277777778,0.083333333,0.0,0,0,0,0,0,0,0,0,0,0,0,0,0,0,0.277777778,0.277777778,0.083333333,0,0,0,0,0,0,0,0,0,0,0,0,0,0,0,0,0,0,0,0,0,0,0,0,0,0,0,0,0,0.0,0.0,0.0,0,0,0,0,0,0,0,0,0,0,0,0,0,0,0,0,0,0,0,0,0,0,0,0,0,0,0,0,0,1312.0
25.0,0,0,0,0,0,0,0,0,0,0,0,0.0,0,0,0,0,0,0,0,0.23255814,0.23255814,0.0,0,0,0,0,0,0,0,0,0,0,0,0,0,0,0.23255814,0.23255814,0.069767442,0,0,0,0,0,0,0,0,0,0,0,0,0,0,0,0,0,0,0,0,0,0,0,0,0,0,0,0,0,0.0,0.0,0.0,0,0,0,0,0,0,0,0,0,0,0,0,0,0,0,0,0,0,0,0,0,0,0,0,0,0,0,0,0,1289.0
25.0,0,0,0,0,0,0,0,0,0,0,0,0.0,0,0,0,0,0,0,0,0.263157895,0.078947368,0.0,0,0,0,0,0,0,0,0,0,0,0,0,0,0,0.263157895,0.263157895,0.131578947,0,0,0,0,0,0,0,0,0,0,0,0,0,0,0,0,0,0,0,0,0,0,0,0,0,0,0,0,0,0.0,0.0,0.0,0,0,0,0,0,0,0,0,0,0,0,0,0,0,0,0,0,0,0,0,0,0,0,0,0,0,0,0,0,1301.0
25.0,0,0,0,0,0,0,0,0,0,0,0,0.0,0,0,0,0,0,0,0,0.222222222,0.222222222,0.0,0,0,0,0,0,0,0,0,0,0,0,0,0,0,0.222222222,0.222222222,0.111111111,0,0,0,0,0,0,0,0,0,0,0,0,0,0,0,0,0,0,0,0,0,0,0,0,0,0,0,0,0,0.0,0.0,0.0,0,0,0,0,0,0,0,0,0,0,0,0,0,0,0,0,0,0,0,0,0,0,0,0,0,0,0,0,0,1473.0
25.0,0,0,0,0,0,0,0,0,0,0,0,0.0,0,0,0,0,0,0,0,0.25,0.075,0.0,0,0,0,0,0,0,0,0,0,0,0,0,0,0,0.25,0.25,0.175,0,0,0,0,0,0,0,0,0,0,0,0,0,0,0,0,0,0,0,0,0,0,0,0,0,0,0,0,0,0.0,0.0,0.0,0,0,0,0,0,0,0,0,0,0,0,0,0,0,0,0,0,0,0,0,0,0,0,0,0,0,0,0,0,1436.0
25.0,0,0,0,0,0,0,0,0,0,0,0,0.0,0,0,0,0,0,0,0,0.212765957,0.212765957,0.0,0,0,0,0,0,0,0,0,0,0,0,0,0,0,0.212765957,0.212765957,0.14893617,0,0,0,0,0,0,0,0,0,0,0,0,0,0,0,0,0,0,0,0,0,0,0,0,0,0,0,0,0,0.0,0.0,0.0,0,0,0,0,0,0,0,0,0,0,0,0,0,0,0,0,0,0,0,0,0,0,0,0,0,0,0,0,0,1706.0
25.0,0,0,0,0,0,0,0,0,0,0,0,0.0,0,0,0,0,0,0,0,0.217391304,0.065217391,0.0,0,0,0,0,0,0,0,0,0,0,0,0,0,0,0.217391304,0.217391304,0.282608696,0,0,0,0,0,0,0,0,0,0,0,0,0,0,0,0,0,0,0,0,0,0,0,0,0,0,0,0,0,0.0,0.0,0.0,0,0,0,0,0,0,0,0,0,0,0,0,0,0,0,0,0,0,0,0,0,0,0,0,0,0,0,0,0,1603.0
25.0,0,0,0,0,0,0,0,0,0,0,0,0.0,0,0,0,0,0,0,0,0.188679245,0.188679245,0.0,0,0,0,0,0,0,0,0,0,0,0,0,0,0,0.188679245,0.188679245,0.245283019,0,0,0,0,0,0,0,0,0,0,0,0,0,0,0,0,0,0,0,0,0,0,0,0,0,0,0,0,0,0.0,0.0,0.0,0,0,0,0,0,0,0,0,0,0,0,0,0,0,0,0,0,0,0,0,0,0,0,0,0,0,0,0,0,1496.0
25.0,0,0,0,0,0,0,0,0,0,0,0,0.0,0,0,0,0,0,0,0,0.208333333,0.0625,0.0,0,0,0,0,0,0,0,0,0,0,0,0,0,0,0.208333333,0.208333333,0.3125,0,0,0,0,0,0,0,0,0,0,0,0,0,0,0,0,0,0,0,0,0,0,0,0,0,0,0,0,0,0.0,0.0,0.0,0,0,0,0,0,0,0,0,0,0,0,0,0,0,0,0,0,0,0,0,0,0,0,0,0,0,0,0,0,1576.0
25.0,0,0,0,0,0,0,0,0,0,0,0,0.0,0,0,0,0,0,0,0,0.181818182,0.181818182,0.0,0,0,0,0,0,0,0,0,0,0,0,0,0,0,0.181818182,0.181818182,0.272727273,0,0,0,0,0,0,0,0,0,0,0,0,0,0,0,0,0,0,0,0,0,0,0,0,0,0,0,0,0,0.0,0.0,0.0,0,0,0,0,0,0,0,0,0,0,0,0,0,0,0,0,0,0,0,0,0,0,0,0,0,0,0,0,0,1603.0
25.0,0,0,0,0,0,0,0,0,0,0,0,0.0,0,0,0,0,0,0,0,0.175438596,0.175438596,0.0,0,0,0,0,0,0,0,0,0,0,0,0,0,0,0.175438596,0.175438596,0.298245614,0,0,0,0,0,0,0,0,0,0,0,0,0,0,0,0,0,0,0,0,0,0,0,0,0,0,0,0,0,0.0,0.0,0.0,0,0,0,0,0,0,0,0,0,0,0,0,0,0,0,0,0,0,0,0,0,0,0,0,0,0,0,0,0,1645.0
25.0,0,0,0,0,0,0,0,0,0,0,0,0.0,0,0,0,0,0,0,0,0.166666667,0.166666667,0.0,0,0,0,0,0,0,0,0,0,0,0,0,0,0,0.166666667,0.166666667,0.333333333,0,0,0,0,0,0,0,0,0,0,0,0,0,0,0,0,0,0,0,0,0,0,0,0,0,0,0,0,0,0.0,0.0,0.0,0,0,0,0,0,0,0,0,0,0,0,0,0,0,0,0,0,0,0,0,0,0,0,0,0,0,0,0,0,1765.0
25.0,0,0,0,0,0,0,0,0,0,0,0,0.0,0,0,0,0,0,0,0,0.23255814,0.069767442,0.0,0,0,0,0,0,0,0,0,0,0,0,0,0,0,0.23255814,0.23255814,0.23255814,0,0,0,0,0,0,0,0,0,0,0,0,0,0,0,0,0,0,0,0,0,0,0,0,0,0,0,0,0,0.0,0.0,0.0,0,0,0,0,0,0,0,0,0,0,0,0,0,0,0,0,0,0,0,0,0,0,0,0,0,0,0,0,0,1455.0
25.0,0,0,0,0,0,0,0,0,0,0,0,0.0,0,0,0,0,0,0,0,0.2,0.2,0.0,0,0,0,0,0,0,0,0,0,0,0,0,0,0,0.2,0.2,0.2,0,0,0,0,0,0,0,0,0,0,0,0,0,0,0,0,0,0,0,0,0,0,0,0,0,0,0,0,0,0.0,0.0,0.0,0,0,0,0,0,0,0,0,0,0,0,0,0,0,0,0,0,0,0,0,0,0,0,0,0,0,0,0,0,1779.0
25.0,0,0,0,0,0,0,0,0,0,0,0,0.0,0,0,0,0,0,0,0,0.303030303,0.090909091,0.0,0,0,0,0,0,0,0,0,0,0,0,0,0,0,0.303030303,0.303030303,0.0,0,0,0,0,0,0,0,0,0,0,0,0,0,0,0,0,0,0,0,0,0,0,0,0,0,0,0,0,0,0.0,0.0,0.0,0,0,0,0,0,0,0,0,0,0,0,0,0,0,0,0,0,0,0,0,0,0,0,0,0,0,0,0,0,866.0
25.0,0,0,0,0,0,0,0,0,0,0,0,0.0,0,0,0,0,0,0,0,0.25,0.25,0.0,0,0,0,0,0,0,0,0,0,0,0,0,0,0,0.25,0.25,0.0,0,0,0,0,0,0,0,0,0,0,0,0,0,0,0,0,0,0,0,0,0,0,0,0,0,0,0,0,0,0.0,0.0,0.0,0,0,0,0,0,0,0,0,0,0,0,0,0,0,0,0,0,0,0,0,0,0,0,0,0,0,0,0,0,1104.0
25.0,0,0,0,0,0,0,0,0,0,0,0,0.0,0,0,0,0,0,0,0,0.058823529,0.0,0.0,0,0,0,0,0,0,0,0,0,0,0,0,0,0,0.0,0.235294118,0.235294118,0,0,0,0,0,0,0,0,0,0,0,0,0,0,0,0,0,0,0,0,0,0,0,0,0,0,0,0,0,0.0,0.235294118,0.235294118,0,0,0,0,0,0,0,0,0,0,0,0,0,0,0,0,0,0,0,0,0,0,0,0,0,0,0,0,0,1109.0
25.0,0,0,0,0,0,0,0,0,0,0,0,0.0,0,0,0,0,0,0,0,0.111111111,0.0,0.0,0,0,0,0,0,0,0,0,0,0,0,0,0,0,0.0,0.222222222,0.222222222,0,0,0,0,0,0,0,0,0,0,0,0,0,0,0,0,0,0,0,0,0,0,0,0,0,0,0,0,0,0.0,0.222222222,0.222222222,0,0,0,0,0,0,0,0,0,0,0,0,0,0,0,0,0,0,0,0,0,0,0,0,0,0,0,0,0,1211.0
25.0,0,0,0,0,0,0,0,0,0,0,0,0.0,0,0,0,0,0,0,0,0.157894737,0.0,0.0,0,0,0,0,0,0,0,0,0,0,0,0,0,0,0.0,0.210526316,0.210526316,0,0,0,0,0,0,0,0,0,0,0,0,0,0,0,0,0,0,0,0,0,0,0,0,0,0,0,0,0,0.0,0.210526316,0.210526316,0,0,0,0,0,0,0,0,0,0,0,0,0,0,0,0,0,0,0,0,0,0,0,0,0,0,0,0,0,1304.0
25.0,0,0,0,0,0,0,0,0,0,0,0,0.0,0,0,0,0,0,0,0,0.2,0.0,0.0,0,0,0,0,0,0,0,0,0,0,0,0,0,0,0.0,0.2,0.2,0,0,0,0,0,0,0,0,0,0,0,0,0,0,0,0,0,0,0,0,0,0,0,0,0,0,0,0,0,0.0,0.2,0.2,0,0,0,0,0,0,0,0,0,0,0,0,0,0,0,0,0,0,0,0,0,0,0,0,0,0,0,0,0,1455.0
25.0,0,0,0,0,0,0,0,0,0,0,0,0.0,0,0,0,0,0,0,0,0.0,0.0,0.0,0,0,0,0,0,0,0,0,0,0,0,0,0,0,0.0,0.25,0.25,0,0,0,0,0,0,0,0,0,0,0,0,0,0,0,0,0,0,0,0,0,0,0,0,0,0,0,0,0,0.0,0.25,0.25,0,0,0,0,0,0,0,0,0,0,0,0,0,0,0,0,0,0,0,0,0,0,0,0,0,0,0,0,0,996.0
25.0,0,0,0,0,0,0,0,0,0,0,0,0.0,0,0,0,0,0,0,0,0.2,0.2,0.0,0,0,0,0,0,0,0,0,0,0,0,0,0,0,0.0,0.2,0.2,0,0,0,0,0,0,0,0,0,0,0,0,0,0,0,0,0,0,0,0,0,0,0,0,0,0,0,0,0,0.0,0.2,0.0,0,0,0,0,0,0,0,0,0,0,0,0,0,0,0,0,0,0,0,0,0,0,0,0,0,0,0,0,0,1400.0
25.0,0,0,0,0,0,0,0,0,0,0,0,0.0,0,0,0,0,0,0,0,0.166666667,0.166666667,0.0,0,0,0,0,0,0,0,0,0,0,0,0,0,0,0.0,0.166666667,0.166666667,0,0,0,0,0,0,0,0,0,0,0,0,0,0,0,0,0,0,0,0,0,0,0,0,0,0,0,0,0,0.0,0.166666667,0.166666667,0,0,0,0,0,0,0,0,0,0,0,0,0,0,0,0,0,0,0,0,0,0,0,0,0,0,0,0,0,1515.0
1200.0,0,0,0,0,0,0,0,0,0,0,0,0.0,0,0,0,0,0,0,0,0.166666667,0.166666667,0.0,0,0,0,0,0,0,0,0,0,0,0,0,0,0,0.0,0.166666667,0.166666667,0,0,0,0,0,0,0,0,0,0,0,0,0,0,0,0,0,0,0,0,0,0,0,0,0,0,0,0,0,0.0,0.166666667,0.166666667,0,0,0,0,0,0,0,0,0,0,0,0,0,0,0,0,0,0,0,0,0,0,0,0,0,0,0,0,0,659.0
1000.0,0,0,0,0,0,0,0,0,0,0,0,0.0,0,0,0,0,0,0,0,0.166666667,0.166666667,0.0,0,0,0,0,0,0,0,0,0,0,0,0,0,0,0.0,0.166666667,0.166666667,0,0,0,0,0,0,0,0,0,0,0,0,0,0,0,0,0,0,0,0,0,0,0,0,0,0,0,0,0,0.0,0.166666667,0.166666667,0,0,0,0,0,0,0,0,0,0,0,0,0,0,0,0,0,0,0,0,0,0,0,0,0,0,0,0,0,752.8
800.0,0,0,0,0,0,0,0,0,0,0,0,0.0,0,0,0,0,0,0,0,0.166666667,0.166666667,0.0,0,0,0,0,0,0,0,0,0,0,0,0,0,0,0.0,0.166666667,0.166666667,0,0,0,0,0,0,0,0,0,0,0,0,0,0,0,0,0,0,0,0,0,0,0,0,0,0,0,0,0,0.0,0.166666667,0.166666667,0,0,0,0,0,0,0,0,0,0,0,0,0,0,0,0,0,0,0,0,0,0,0,0,0,0,0,0,0,791.3
600.0,0,0,0,0,0,0,0,0,0,0,0,0.0,0,0,0,0,0,0,0,0.166666667,0.166666667,0.0,0,0,0,0,0,0,0,0,0,0,0,0,0,0,0.0,0.166666667,0.166666667,0,0,0,0,0,0,0,0,0,0,0,0,0,0,0,0,0,0,0,0,0,0,0,0,0,0,0,0,0,0.0,0.166666667,0.166666667,0,0,0,0,0,0,0,0,0,0,0,0,0,0,0,0,0,0,0,0,0,0,0,0,0,0,0,0,0,973.0
25.0,0,0,0,0,0,0,0,0,0,0,0,0.0,0,0,0,0,0,0,0,0.2,0.0,0.0,0,0,0,0,0,0,0,0,0,0,0,0,0,0,0.0,0.2,0.2,0,0,0,0,0,0,0,0,0,0,0,0,0,0,0,0,0,0,0,0,0,0,0,0,0,0,0,0,0,0.0,0.2,0.2,0,0,0,0,0,0,0,0,0,0,0,0,0,0,0,0,0,0,0,0,0,0,0,0,0,0,0,0,0,1343.0
1200.0,0,0,0,0,0,0,0,0,0,0,0,0.0,0,0,0,0,0,0,0,0.2,0.0,0.0,0,0,0,0,0,0,0,0,0,0,0,0,0,0,0.0,0.2,0.2,0,0,0,0,0,0,0,0,0,0,0,0,0,0,0,0,0,0,0,0,0,0,0,0,0,0,0,0,0,0.0,0.2,0.2,0,0,0,0,0,0,0,0,0,0,0,0,0,0,0,0,0,0,0,0,0,0,0,0,0,0,0,0,0,586.0
1000.0,0,0,0,0,0,0,0,0,0,0,0,0.0,0,0,0,0,0,0,0,0.2,0.0,0.0,0,0,0,0,0,0,0,0,0,0,0,0,0,0,0.0,0.2,0.2,0,0,0,0,0,0,0,0,0,0,0,0,0,0,0,0,0,0,0,0,0,0,0,0,0,0,0,0,0,0.0,0.2,0.2,0,0,0,0,0,0,0,0,0,0,0,0,0,0,0,0,0,0,0,0,0,0,0,0,0,0,0,0,0,620.0
800.0,0,0,0,0,0,0,0,0,0,0,0,0.0,0,0,0,0,0,0,0,0.2,0.0,0.0,0,0,0,0,0,0,0,0,0,0,0,0,0,0,0.0,0.2,0.2,0,0,0,0,0,0,0,0,0,0,0,0,0,0,0,0,0,0,0,0,0,0,0,0,0,0,0,0,0,0.0,0.2,0.2,0,0,0,0,0,0,0,0,0,0,0,0,0,0,0,0,0,0,0,0,0,0,0,0,0,0,0,0,0,674.0
600.0,0,0,0,0,0,0,0,0,0,0,0,0.0,0,0,0,0,0,0,0,0.2,0.0,0.0,0,0,0,0,0,0,0,0,0,0,0,0,0,0,0.0,0.2,0.2,0,0,0,0,0,0,0,0,0,0,0,0,0,0,0,0,0,0,0,0,0,0,0,0,0,0,0,0,0,0.0,0.2,0.2,0,0,0,0,0,0,0,0,0,0,0,0,0,0,0,0,0,0,0,0,0,0,0,0,0,0,0,0,0,689.0
25.0,0,0,0,0,0,0,0,0,0,0,0,0.0,0,0,0,0,0,0,0,0.2,0.0,0.0,0,0,0,0,0,0,0,0,0,0,0,0,0,0,0.2,0.2,0.2,0,0,0,0,0,0,0,0,0,0,0,0,0,0,0,0,0,0,0,0,0,0,0,0,0,0,0,0,0,0.0,0.2,0.0,0,0,0,0,0,0,0,0,0,0,0,0,0,0,0,0,0,0,0,0,0,0,0,0,0,0,0,0,0,1390.0
25.0,0,0,0,0,0,0,0,0,0,0,0,0.0,0,0,0,0,0,0,0,0.2,0.0,0.0,0,0,0,0,0,0,0,0,0,0,0,0,0,0,0.2,0.2,0.2,0,0,0,0,0,0,0,0,0,0,0,0,0,0,0,0,0,0,0,0,0,0,0,0,0,0,0,0,0,0.0,0.2,0.0,0,0,0,0,0,0,0,0,0,0,0,0,0,0,0,0,0,0,0,0,0,0,0,0,0,0,0,0,0,1375.0
25.0,0,0,0,0,0,0,0,0,0,0,0,0.0,0,0,0,0,0,0,0,0.2,0.0,0.0,0,0,0,0,0,0,0,0,0,0,0,0,0,0,0.2,0.2,0.2,0,0,0,0,0,0,0,0,0,0,0,0,0,0,0,0,0,0,0,0,0,0,0,0,0,0,0,0,0,0.0,0.2,0.0,0,0,0,0,0,0,0,0,0,0,0,0,0,0,0,0,0,0,0,0,0,0,0,0,0,0,0,0,0,1100.0
25.0,0,0,0,0,0,0,0,0,0,0,0,0.0,0,0,0,0,0,0,0,0.0,0.25,0.0,0,0,0,0,0,0,0,0,0,0,0,0,0,0,0.0,0.25,0.25,0,0,0,0,0,0,0,0,0,0,0,0,0,0,0,0,0,0,0,0,0,0,0,0,0,0,0,0,0,0.0,0.25,0.0,0,0,0,0,0,0,0,0,0,0,0,0,0,0,0,0,0,0,0,0,0,0,0,0,0,0,0,0,0,1525.0
25.0,0,0,0,0,0,0,0,0,0,0,0,0.0,0,0,0,0,0,0,0,0.0,0.2,0.0,0,0,0,0,0,0,0,0,0,0,0,0,0,0,0.0,0.2,0.2,0,0,0,0,0,0,0,0,0,0,0,0,0,0,0,0,0,0,0,0,0,0,0,0,0,0,0,0,0,0.0,0.2,0.2,0,0,0,0,0,0,0,0,0,0,0,0,0,0,0,0,0,0,0,0,0,0,0,0,0,0,0,0,0,2612.0
25.0,0,0,0,0,0,0,0,0,0,0,0,0.0,0,0,0,0,0,0,0,0.0,0.2,0.0,0,0,0,0,0,0,0,0,0,0,0,0,0,0,0.0,0.2,0.2,0,0,0,0,0,0,0,0,0,0,0,0,0,0,0,0,0,0,0,0,0,0,0,0,0,0,0,0,0,0.0,0.2,0.2,0,0,0,0,0,0,0,0,0,0,0,0,0,0,0,0,0,0,0,0,0,0,0,0,0,0,0,0,0,1246.0
1600.0,0,0,0,0,0,0,0,0,0,0,0,0.0,0,0,0,0,0,0,0,0.0,0.2,0.0,0,0,0,0,0,0,0,0,0,0,0,0,0,0,0.0,0.2,0.2,0,0,0,0,0,0,0,0,0,0,0,0,0,0,0,0,0,0,0,0,0,0,0,0,0,0,0,0,0,0.0,0.2,0.2,0,0,0,0,0,0,0,0,0,0,0,0,0,0,0,0,0,0,0,0,0,0,0,0,0,0,0,0,0,477.0
1400.0,0,0,0,0,0,0,0,0,0,0,0,0.0,0,0,0,0,0,0,0,0.0,0.2,0.0,0,0,0,0,0,0,0,0,0,0,0,0,0,0,0.0,0.2,0.2,0,0,0,0,0,0,0,0,0,0,0,0,0,0,0,0,0,0,0,0,0,0,0,0,0,0,0,0,0,0.0,0.2,0.2,0,0,0,0,0,0,0,0,0,0,0,0,0,0,0,0,0,0,0,0,0,0,0,0,0,0,0,0,0,656.0
1200.0,0,0,0,0,0,0,0,0,0,0,0,0.0,0,0,0,0,0,0,0,0.0,0.2,0.0,0,0,0,0,0,0,0,0,0,0,0,0,0,0,0.0,0.2,0.2,0,0,0,0,0,0,0,0,0,0,0,0,0,0,0,0,0,0,0,0,0,0,0,0,0,0,0,0,0,0.0,0.2,0.2,0,0,0,0,0,0,0,0,0,0,0,0,0,0,0,0,0,0,0,0,0,0,0,0,0,0,0,0,0,735.0
1000.0,0,0,0,0,0,0,0,0,0,0,0,0.0,0,0,0,0,0,0,0,0.0,0.2,0.0,0,0,0,0,0,0,0,0,0,0,0,0,0,0,0.0,0.2,0.2,0,0,0,0,0,0,0,0,0,0,0,0,0,0,0,0,0,0,0,0,0,0,0,0,0,0,0,0,0,0.0,0.2,0.2,0,0,0,0,0,0,0,0,0,0,0,0,0,0,0,0,0,0,0,0,0,0,0,0,0,0,0,0,0,842.0
800.0,0,0,0,0,0,0,0,0,0,0,0,0.0,0,0,0,0,0,0,0,0.0,0.2,0.0,0,0,0,0,0,0,0,0,0,0,0,0,0,0,0.0,0.2,0.2,0,0,0,0,0,0,0,0,0,0,0,0,0,0,0,0,0,0,0,0,0,0,0,0,0,0,0,0,0,0.0,0.2,0.2,0,0,0,0,0,0,0,0,0,0,0,0,0,0,0,0,0,0,0,0,0,0,0,0,0,0,0,0,0,846.0
600.0,0,0,0,0,0,0,0,0,0,0,0,0.0,0,0,0,0,0,0,0,0.0,0.2,0.0,0,0,0,0,0,0,0,0,0,0,0,0,0,0,0.0,0.2,0.2,0,0,0,0,0,0,0,0,0,0,0,0,0,0,0,0,0,0,0,0,0,0,0,0,0,0,0,0,0,0.0,0.2,0.2,0,0,0,0,0,0,0,0,0,0,0,0,0,0,0,0,0,0,0,0,0,0,0,0,0,0,0,0,0,862.0
25.0,0,0,0,0,0,0,0,0,0,0,0,0.0,0,0,0,0,0,0,0,0.0,0.0,0.0,0,0,0,0,0,0,0,0,0,0,0,0,0,0,0.0,0.25,0.25,0,0,0,0,0,0,0,0,0,0,0,0,0,0,0,0,0,0,0,0,0,0,0,0,0,0,0,0,0,0.0,0.25,0.25,0,0,0,0,0,0,0,0,0,0,0,0,0,0,0,0,0,0,0,0,0,0,0,0,0,0,0,0,0,1058.0
1600.0,0,0,0,0,0,0,0,0,0,0,0,0.0,0,0,0,0,0,0,0,0.0,0.0,0.0,0,0,0,0,0,0,0,0,0,0,0,0,0,0,0.0,0.25,0.25,0,0,0,0,0,0,0,0,0,0,0,0,0,0,0,0,0,0,0,0,0,0,0,0,0,0,0,0,0,0.0,0.25,0.25,0,0,0,0,0,0,0,0,0,0,0,0,0,0,0,0,0,0,0,0,0,0,0,0,0,0,0,0,0,405.0
1400.0,0,0,0,0,0,0,0,0,0,0,0,0.0,0,0,0,0,0,0,0,0.0,0.0,0.0,0,0,0,0,0,0,0,0,0,0,0,0,0,0,0.0,0.25,0.25,0,0,0,0,0,0,0,0,0,0,0,0,0,0,0,0,0,0,0,0,0,0,0,0,0,0,0,0,0,0.0,0.25,0.25,0,0,0,0,0,0,0,0,0,0,0,0,0,0,0,0,0,0,0,0,0,0,0,0,0,0,0,0,0,421.0
1200.0,0,0,0,0,0,0,0,0,0,0,0,0.0,0,0,0,0,0,0,0,0.0,0.0,0.0,0,0,0,0,0,0,0,0,0,0,0,0,0,0,0.0,0.25,0.25,0,0,0,0,0,0,0,0,0,0,0,0,0,0,0,0,0,0,0,0,0,0,0,0,0,0,0,0,0,0.0,0.25,0.25,0,0,0,0,0,0,0,0,0,0,0,0,0,0,0,0,0,0,0,0,0,0,0,0,0,0,0,0,0,506.0
1000.0,0,0,0,0,0,0,0,0,0,0,0,0.0,0,0,0,0,0,0,0,0.0,0.0,0.0,0,0,0,0,0,0,0,0,0,0,0,0,0,0,0.0,0.25,0.25,0,0,0,0,0,0,0,0,0,0,0,0,0,0,0,0,0,0,0,0,0,0,0,0,0,0,0,0,0,0.0,0.25,0.25,0,0,0,0,0,0,0,0,0,0,0,0,0,0,0,0,0,0,0,0,0,0,0,0,0,0,0,0,0,548.0
800.0,0,0,0,0,0,0,0,0,0,0,0,0.0,0,0,0,0,0,0,0,0.0,0.0,0.0,0,0,0,0,0,0,0,0,0,0,0,0,0,0,0.0,0.25,0.25,0,0,0,0,0,0,0,0,0,0,0,0,0,0,0,0,0,0,0,0,0,0,0,0,0,0,0,0,0,0.0,0.25,0.25,0,0,0,0,0,0,0,0,0,0,0,0,0,0,0,0,0,0,0,0,0,0,0,0,0,0,0,0,0,552.0
600.0,0,0,0,0,0,0,0,0,0,0,0,0.0,0,0,0,0,0,0,0,0.0,0.0,0.0,0,0,0,0,0,0,0,0,0,0,0,0,0,0,0.0,0.25,0.25,0,0,0,0,0,0,0,0,0,0,0,0,0,0,0,0,0,0,0,0,0,0,0,0,0,0,0,0,0,0.0,0.25,0.25,0,0,0,0,0,0,0,0,0,0,0,0,0,0,0,0,0,0,0,0,0,0,0,0,0,0,0,0,0,561.0
25.0,0,0,0,0,0,0,0,0,0,0,0,0.0,0,0,0,0,0,0,0,0.235294118,0.058823529,0.0,0,0,0,0,0,0,0,0,0,0,0,0,0,0,0.235294118,0.235294118,0.235294118,0,0,0,0,0,0,0,0,0,0,0,0,0,0,0,0,0,0,0,0,0,0,0,0,0,0,0,0,0,0.0,0.0,0.0,0,0,0,0,0,0,0,0,0,0,0,0,0,0,0,0,0,0,0,0,0,0,0,0,0,0,0,0,0,1750.0
25.0,0,0,0,0,0,0,0,0,0,0,0,0.0,0,0,0,0,0,0,0,0.222222222,0.111111111,0.0,0,0,0,0,0,0,0,0,0,0,0,0,0,0,0.222222222,0.222222222,0.222222222,0,0,0,0,0,0,0,0,0,0,0,0,0,0,0,0,0,0,0,0,0,0,0,0,0,0,0,0,0,0.0,0.0,0.0,0,0,0,0,0,0,0,0,0,0,0,0,0,0,0,0,0,0,0,0,0,0,0,0,0,0,0,0,0,1640.0
25.0,0,0,0,0,0,0,0,0,0,0,0,0.0,0,0,0,0,0,0,0,0.210526316,0.157894737,0.0,0,0,0,0,0,0,0,0,0,0,0,0,0,0,0.210526316,0.210526316,0.210526316,0,0,0,0,0,0,0,0,0,0,0,0,0,0,0,0,0,0,0,0,0,0,0,0,0,0,0,0,0,0.0,0.0,0.0,0,0,0,0,0,0,0,0,0,0,0,0,0,0,0,0,0,0,0,0,0,0,0,0,0,0,0,0,0,1680.0
25.0,0,0,0,0,0,0,0,0,0,0,0,0.0,0,0,0,0,0,0,0,0.181818182,0.272727273,0.0,0,0,0,0,0,0,0,0,0,0,0,0,0,0,0.181818182,0.181818182,0.181818182,0,0,0,0,0,0,0,0,0,0,0,0,0,0,0,0,0,0,0,0,0,0,0,0,0,0,0,0,0,0.0,0.0,0.0,0,0,0,0,0,0,0,0,0,0,0,0,0,0,0,0,0,0,0,0,0,0,0,0,0,0,0,0,0,1720.0
25.0,0,0,0,0,0,0,0,0,0,0,0,0.0,0,0,0,0,0,0,0,0.166666667,0.333333333,0.0,0,0,0,0,0,0,0,0,0,0,0,0,0,0,0.166666667,0.166666667,0.166666667,0,0,0,0,0,0,0,0,0,0,0,0,0,0,0,0,0,0,0,0,0,0,0,0,0,0,0,0,0,0.0,0.0,0.0,0,0,0,0,0,0,0,0,0,0,0,0,0,0,0,0,0,0,0,0,0,0,0,0,0,0,0,0,0,1520.0
25.0,0,0,0,0,0,0,0,0,0,0,0,0.0,0,0,0,0,0,0,0,0.142857143,0.428571429,0.0,0,0,0,0,0,0,0,0,0,0,0,0,0,0,0.142857143,0.142857143,0.142857143,0,0,0,0,0,0,0,0,0,0,0,0,0,0,0,0,0,0,0,0,0,0,0,0,0,0,0,0,0,0.0,0.0,0.0,0,0,0,0,0,0,0,0,0,0,0,0,0,0,0,0,0,0,0,0,0,0,0,0,0,0,0,0,0,1415.0
25.0,0,0,0,0,0,0,0,0,0,0,0,0.0,0,0,0,0,0,0,0,0.2,0.2,0.0,0,0,0,0,0,0,0,0,0,0,0,0,0,0,0.2,0.2,0.2,0,0,0,0,0,0,0,0,0,0,0,0,0,0,0,0,0,0,0,0,0,0,0,0,0,0,0,0,0,0.0,0.0,0.0,0,0,0,0,0,0,0,0,0,0,0,0,0,0,0,0,0,0,0,0,0,0,0,0,0,0,0,0,0,1770.0
25.0,0,0,0,0,0,0,0,0,0,0,0,0.0,0,0,0,0,0,0,0,0.25,0.0,0.0,0,0,0,0,0,0,0,0,0,0,0,0,0,0,0.25,0.25,0.25,0,0,0,0,0,0,0,0,0,0,0,0,0,0,0,0,0,0,0,0,0,0,0,0,0,0,0,0,0,0.0,0.0,0.0,0,0,0,0,0,0,0,0,0,0,0,0,0,0,0,0,0,0,0,0,0,0,0,0,0,0,0,0,0,1560.0
25.0,0,0,0,0,0,0,0,0,0,0,0,0.0,0,0,0,0,0,0,0,0.25,0.25,0.0,0,0,0,0,0,0,0,0,0,0,0,0,0,0,0.0,0.25,0.0,0,0,0,0,0,0,0,0,0,0,0,0,0,0,0,0,0,0,0,0,0,0,0,0,0,0,0,0,0,0.0,0.25,0.0,0,0,0,0,0,0,0,0,0,0,0,0,0,0,0,0,0,0,0,0,0,0,0,0,0,0,0,0,0,965.0
25.0,0,0,0,0,0,0,0,0,0,0,0,0.0,0,0,0,0,0,0,0,0.2,0.2,0.0,0,0,0,0,0,0,0,0,0,0,0,0,0,0,0.0,0.2,0.0,0,0,0,0,0,0,0,0,0,0,0,0,0,0,0,0,0,0,0,0,0,0,0,0,0,0,0,0,0,0.0,0.2,0.2,0,0,0,0,0,0,0,0,0,0,0,0,0,0,0,0,0,0,0,0,0,0,0,0,0,0,0,0,0,1420.0
25.0,0,0,0,0,0,0,0,0,0,0,0,0.0,0,0,0,0,0,0,0,0.0,0.25,0.0,0,0,0,0,0,0,0,0,0,0,0,0,0,0,0.0,0.25,0.0,0,0,0,0,0,0,0,0,0,0,0,0,0,0,0,0,0,0,0,0,0,0,0,0,0,0,0,0,0,0.0,0.25,0.25,0,0,0,0,0,0,0,0,0,0,0,0,0,0,0,0,0,0,0,0,0,0,0,0,0,0,0,0,0,1530.0
